mapla.region.slug,date,confirmed.cases,population,case.rate,days.since.case.cutoff,days.since.case.rate.cutoff
angeles-forest,2020-03-27,0,3117,0,,
angeles-forest,2020-03-28,0,3117,0,,
angeles-forest,2020-03-29,0,3117,0,,
angeles-forest,2020-03-30,0,3117,0,,
angeles-forest,2020-03-31,0,3117,0,,
angeles-forest,2020-04-01,0,3117,0,,
angeles-forest,2020-04-02,0,3117,0,,
angeles-forest,2020-04-03,0,3117,0,,
angeles-forest,2020-04-04,0,3117,0,,
angeles-forest,2020-04-05,0,3117,0,,
angeles-forest,2020-04-06,0,3117,0,,
angeles-forest,2020-04-07,0,3117,0,,
angeles-forest,2020-04-08,0,3117,0,,
angeles-forest,2020-04-09,0,3117,0,,
angeles-forest,2020-04-10,0,3117,0,,
angeles-forest,2020-04-11,0,3117,0,,
angeles-forest,2020-04-12,0,3117,0,,
angeles-forest,2020-04-13,0,3117,0,,
angeles-forest,2020-04-14,0,3117,0,,
angeles-forest,2020-04-15,0,3117,0,,
angeles-forest,2020-04-16,0,3117,0,,
angeles-forest,2020-04-17,0,3117,0,,
angeles-forest,2020-04-18,0,3117,0,,
angeles-forest,2020-04-19,0,3117,0,,
angeles-forest,2020-04-20,0,3117,0,,
angeles-forest,2020-04-21,0,3117,0,,
angeles-forest,2020-04-22,0,3117,0,,
angeles-forest,2020-04-23,0,3117,0,,
angeles-forest,2020-04-24,0,3117,0,,
angeles-forest,2020-04-25,2,3117,6.416426050689766e-4,,
angeles-forest,2020-04-26,2,3117,6.416426050689766e-4,,
angeles-forest,2020-04-27,2,3117,6.416426050689766e-4,,
angeles-forest,2020-04-28,2,3117,6.416426050689766e-4,,
angeles-forest,2020-04-29,2,3117,6.416426050689766e-4,,
angeles-forest,2020-04-30,2,3117,6.416426050689766e-4,,
angeles-forest,2020-05-01,2,3117,6.416426050689766e-4,,
angeles-forest,2020-05-02,2,3117,6.416426050689766e-4,,
angeles-forest,2020-05-03,2,3117,6.416426050689766e-4,,
angeles-forest,2020-05-04,2,3117,6.416426050689766e-4,,
angeles-forest,2020-05-05,1,3117,3.208213025344883e-4,,
angeles-forest,2020-05-06,1,3117,3.208213025344883e-4,,
angeles-forest,2020-05-07,1,3117,3.208213025344883e-4,,
angeles-forest,2020-05-08,1,3117,3.208213025344883e-4,,
angeles-forest,2020-05-09,1,3117,3.208213025344883e-4,,
angeles-forest,2020-05-10,1,3117,3.208213025344883e-4,,
angeles-forest,2020-05-11,2,3117,6.416426050689766e-4,,
antelope-valley,2020-03-27,22,392606,5.6035822172865415e-5,-10,-25
antelope-valley,2020-03-28,25,392606,6.367707065098343e-5,-9,-24
antelope-valley,2020-03-29,30,392606,7.641248478118011e-5,-8,-23
antelope-valley,2020-03-30,36,392606,9.169498173741614e-5,-7,-22
antelope-valley,2020-03-31,45,392606,1.1461872717177017e-4,-6,-21
antelope-valley,2020-04-01,50,392606,1.2735414130196686e-4,-5,-20
antelope-valley,2020-04-02,53,392606,1.3499538978008487e-4,-4,-19
antelope-valley,2020-04-03,65,392606,1.6556038369255693e-4,-3,-18
antelope-valley,2020-04-04,74,392606,1.8848412912691095e-4,-2,-17
antelope-valley,2020-04-05,88,392606,2.2414328869146166e-4,-1,-16
antelope-valley,2020-04-06,107,392606,2.725378623862091e-4,0,-15
antelope-valley,2020-04-07,117,392606,2.9800869064660246e-4,1,-14
antelope-valley,2020-04-08,138,392606,3.5149742999342854e-4,2,-13
antelope-valley,2020-04-09,138,392606,3.5149742999342854e-4,3,-12
antelope-valley,2020-04-10,172,392606,4.3809824607876597e-4,4,-11
antelope-valley,2020-04-11,182,392606,4.635690743391594e-4,5,-10
antelope-valley,2020-04-12,196,392606,4.992282339037101e-4,6,-9
antelope-valley,2020-04-13,197,392606,5.017753167297494e-4,7,-8
antelope-valley,2020-04-14,211,392606,5.374344762943002e-4,8,-7
antelope-valley,2020-04-15,229,392606,5.832819671630082e-4,9,-6
antelope-valley,2020-04-16,238,392606,6.062057125973623e-4,10,-5
antelope-valley,2020-04-17,260,392606,6.622415347702277e-4,11,-4
antelope-valley,2020-04-18,289,392606,7.361069367253684e-4,12,-3
antelope-valley,2020-04-19,297,392606,7.564835993336831e-4,13,-2
antelope-valley,2020-04-20,356,392606,9.06761486070004e-4,14,-1
antelope-valley,2020-04-21,469,392606,0.0011945818454124491,15,0
antelope-valley,2020-04-22,536,392606,0.0013652363947570848,16,1
antelope-valley,2020-04-23,586,392606,0.0014925905360590516,17,2
antelope-valley,2020-04-24,621,392606,0.0015817384349704284,18,3
antelope-valley,2020-04-25,671,392606,0.0017090925762723952,19,4
antelope-valley,2020-04-26,686,392606,0.0017472988186629853,20,5
antelope-valley,2020-04-27,732,392606,0.0018644646286607948,21,6
antelope-valley,2020-04-28,741,392606,0.0018873883740951488,22,7
antelope-valley,2020-04-29,776,392606,0.0019765362730065255,23,8
antelope-valley,2020-04-30,776,392606,0.0019765362730065255,24,9
antelope-valley,2020-05-01,830,392606,0.00211407874561265,25,10
antelope-valley,2020-05-02,841,392606,0.0021420966566990827,26,11
antelope-valley,2020-05-03,874,392606,0.0022261503899583808,27,12
antelope-valley,2020-05-04,885,392606,0.002254168301044813,28,13
antelope-valley,2020-05-05,929,392606,0.002366239945390544,29,14
antelope-valley,2020-05-06,960,392606,0.0024451995129977635,30,15
antelope-valley,2020-05-07,983,392606,0.0025037824179966685,31,16
antelope-valley,2020-05-08,996,392606,0.00253689449473518,32,17
antelope-valley,2020-05-09,1018,392606,0.002592930316908045,33,18
antelope-valley,2020-05-10,1024,392606,0.002608212813864281,34,19
antelope-valley,2020-05-11,1039,392606,0.002646419056254871,35,20
central-la,2020-03-27,242,899384,2.690730544461543e-4,0,-11
central-la,2020-03-28,285,899384,3.168835558560081e-4,1,-10
central-la,2020-03-29,331,899384,3.680296736432936e-4,2,-9
central-la,2020-03-30,390,899384,4.3363012906611636e-4,3,-8
central-la,2020-03-31,457,899384,5.081255614954235e-4,4,-7
central-la,2020-04-01,532,899384,5.915159709312151e-4,5,-6
central-la,2020-04-02,587,899384,6.526689378507956e-4,6,-5
central-la,2020-04-03,678,899384,7.538493012995562e-4,7,-4
central-la,2020-04-04,755,899384,8.394634549869688e-4,8,-3
central-la,2020-04-05,846,899384,9.406438184357294e-4,9,-2
central-la,2020-04-06,898,899384,9.98461168977878e-4,10,-1
central-la,2020-04-07,971,899384,0.0010796278341620488,11,0
central-la,2020-04-08,1043,899384,0.0011596826272204086,12,1
central-la,2020-04-09,1043,899384,0.0011596826272204086,13,2
central-la,2020-04-10,1177,899384,0.001308673492079023,14,3
central-la,2020-04-11,1232,899384,0.0013698264589986034,15,4
central-la,2020-04-12,1257,899384,0.0013976232621438673,16,5
central-la,2020-04-13,1290,899384,0.0014343150422956156,17,6
central-la,2020-04-14,1358,899384,0.0015099223468507334,18,7
central-la,2020-04-15,1415,899384,0.001573299058021935,19,8
central-la,2020-04-16,1466,899384,0.0016300045364382734,20,9
central-la,2020-04-17,1526,899384,0.0016967168639869066,21,10
central-la,2020-04-18,1623,899384,0.0018045684601905303,22,11
central-la,2020-04-19,1665,899384,0.0018512670894745738,23,12
central-la,2020-04-20,1828,899384,0.002032502245981694,24,13
central-la,2020-04-21,2015,899384,0.002240422333508268,25,14
central-la,2020-04-22,2162,899384,0.0024038675360024196,26,15
central-la,2020-04-23,2264,899384,0.002517278492835096,27,16
central-la,2020-04-24,2360,899384,0.002624018216912909,28,17
central-la,2020-04-25,2413,899384,0.002682947439580869,29,18
central-la,2020-04-26,2463,899384,0.0027385410458713962,30,19
central-la,2020-04-27,2546,899384,0.0028308264323136725,31,20
central-la,2020-04-28,2614,899384,0.0029064337368687903,32,21
central-la,2020-04-29,2733,899384,0.003038746519840246,33,22
central-la,2020-04-30,2733,899384,0.003038746519840246,34,23
central-la,2020-05-01,2966,899384,0.0032978127251541054,35,24
central-la,2020-05-02,3047,899384,0.0033878743673447604,36,25
central-la,2020-05-03,3116,899384,0.003464593544025689,37,26
central-la,2020-05-04,3174,899384,0.003529082127322701,38,27
central-la,2020-05-05,3346,899384,0.0037203241329621163,39,28
central-la,2020-05-06,3464,899384,0.003851525043807762,40,29
central-la,2020-05-07,3554,899384,0.003951593535130712,41,30
central-la,2020-05-08,3669,899384,0.004079458829598925,42,31
central-la,2020-05-09,3753,899384,0.004172856088167012,43,32
central-la,2020-05-10,3811,899384,0.004237344671464025,44,33
central-la,2020-05-11,3871,899384,0.004304056999012658,45,34
eastside,2020-03-27,15,289987,5.172645670323153e-5,-8,-24
eastside,2020-03-28,18,289987,6.207174804387783e-5,-7,-23
eastside,2020-03-29,24,289987,8.276233072517044e-5,-6,-22
eastside,2020-03-30,27,289987,9.310762206581675e-5,-5,-21
eastside,2020-03-31,32,289987,1.1034977430022726e-4,-4,-20
eastside,2020-04-01,40,289987,1.3793721787528406e-4,-3,-19
eastside,2020-04-02,58,289987,2.000089659191619e-4,-2,-18
eastside,2020-04-03,74,289987,2.551838530692755e-4,-1,-17
eastside,2020-04-04,103,289987,3.551883360288565e-4,0,-16
eastside,2020-04-05,110,289987,3.793273491570312e-4,1,-15
eastside,2020-04-06,123,289987,4.241569449664985e-4,2,-14
eastside,2020-04-07,133,289987,4.586412494353195e-4,3,-13
eastside,2020-04-08,149,289987,5.138161365854331e-4,4,-12
eastside,2020-04-09,149,289987,5.138161365854331e-4,5,-11
eastside,2020-04-10,178,289987,6.138206195450141e-4,6,-10
eastside,2020-04-11,192,289987,6.620986458013635e-4,7,-9
eastside,2020-04-12,201,289987,6.931345198233024e-4,8,-8
eastside,2020-04-13,208,289987,7.172735329514772e-4,9,-7
eastside,2020-04-14,225,289987,7.758968505484729e-4,10,-6
eastside,2020-04-15,236,289987,8.13829585464176e-4,11,-5
eastside,2020-04-16,250,289987,8.621076117205254e-4,12,-4
eastside,2020-04-17,256,289987,8.827981944018181e-4,13,-3
eastside,2020-04-18,273,289987,9.414215119988137e-4,14,-2
eastside,2020-04-19,283,289987,9.759058164676347e-4,15,-1
eastside,2020-04-20,349,289987,0.0012035022259618536,16,0
eastside,2020-04-21,418,289987,0.0014414439267967185,17,1
eastside,2020-04-22,470,289987,0.0016207623100345878,18,2
eastside,2020-04-23,525,289987,0.0018104259846131033,19,3
eastside,2020-04-24,571,289987,0.00196905378516968,20,4
eastside,2020-04-25,595,289987,0.0020518161158948503,21,5
eastside,2020-04-26,600,289987,0.002069058268129261,22,6
eastside,2020-04-27,655,289987,0.0022587219427077764,23,7
eastside,2020-04-28,675,289987,0.0023276905516454185,24,8
eastside,2020-04-29,716,289987,0.0024690761999675848,25,9
eastside,2020-04-30,716,289987,0.0024690761999675848,26,10
eastside,2020-05-01,779,289987,0.002686327318121157,27,11
eastside,2020-05-02,801,289987,0.0027621927879525636,28,12
eastside,2020-05-03,852,289987,0.0029380627407435507,29,13
eastside,2020-05-04,863,289987,0.0029759954756592537,30,14
eastside,2020-05-05,923,289987,0.00318290130247218,31,15
eastside,2020-05-06,948,289987,0.0032691120636442325,32,16
eastside,2020-05-07,977,289987,0.003369116546603813,33,17
eastside,2020-05-08,1012,289987,0.003489811612244687,34,18
eastside,2020-05-09,1056,289987,0.003641542551907499,35,19
eastside,2020-05-10,1071,289987,0.003693269008610731,36,20
eastside,2020-05-11,1092,289987,0.0037656860479952548,37,21
harbor,2020-03-27,122,908451,1.3429452991961042e-4,0,-24
harbor,2020-03-28,152,908451,1.673177749818097e-4,1,-23
harbor,2020-03-29,172,908451,1.8933327168994254e-4,2,-22
harbor,2020-03-30,193,908451,2.1244954323348204e-4,3,-21
harbor,2020-03-31,227,908451,2.498758876373079e-4,4,-20
harbor,2020-04-01,255,908451,2.806975830286939e-4,5,-19
harbor,2020-04-02,277,908451,3.0491462940764004e-4,6,-18
harbor,2020-04-03,342,908451,3.764649937090718e-4,7,-17
harbor,2020-04-04,390,908451,4.293021858085907e-4,8,-16
harbor,2020-04-05,427,908451,4.7003085471863644e-4,9,-15
harbor,2020-04-06,467,908451,5.140618481349022e-4,10,-14
harbor,2020-04-07,505,908451,5.558912918803546e-4,11,-13
harbor,2020-04-08,554,908451,6.098292588152801e-4,12,-12
harbor,2020-04-09,572,908451,6.296432058525997e-4,13,-11
harbor,2020-04-10,622,908451,6.846819476229318e-4,14,-10
harbor,2020-04-11,654,908451,7.199067423559444e-4,15,-9
harbor,2020-04-12,670,908451,7.375191397224506e-4,16,-8
harbor,2020-04-13,692,908451,7.617361861013968e-4,17,-7
harbor,2020-04-14,721,908451,7.936586563281894e-4,18,-6
harbor,2020-04-15,756,908451,8.32185775567422e-4,19,-5
harbor,2020-04-16,768,908451,8.453950735923016e-4,20,-4
harbor,2020-04-17,830,908451,9.136431133875135e-4,21,-3
harbor,2020-04-18,859,908451,9.455655836143061e-4,22,-2
harbor,2020-04-19,902,908451,9.928989015367917e-4,23,-1
harbor,2020-04-20,955,908451,0.0010512399678133438,24,0
harbor,2020-04-21,1017,908451,0.0011194880076085556,25,1
harbor,2020-04-22,1075,908451,0.001183332948062141,26,2
harbor,2020-04-23,1145,908451,0.0012603871865406058,27,3
harbor,2020-04-24,1181,908451,0.001300015080615245,28,4
harbor,2020-04-25,1244,908451,0.0013693638952458635,29,5
harbor,2020-04-26,1273,908451,0.0014012863654726561,30,6
harbor,2020-04-27,1309,908451,0.0014409142595472953,31,7
harbor,2020-04-28,1366,908451,0.001503658425165474,32,8
harbor,2020-04-29,1505,908451,0.0016566661272869973,33,9
harbor,2020-04-30,1543,908451,0.0016984955710324498,34,10
harbor,2020-05-01,1880,908451,0.0020694566905644883,35,11
harbor,2020-05-02,1938,908451,0.0021333016310180735,36,12
harbor,2020-05-03,2023,908451,0.0022268674920276382,37,13
harbor,2020-05-04,2049,908451,0.002255487637748211,38,14
harbor,2020-05-05,2111,908451,0.002323735677543423,39,15
harbor,2020-05-06,2147,908451,0.0023633635716180617,40,16
harbor,2020-05-07,2255,908451,0.0024822472538419795,41,17
harbor,2020-05-08,2292,908451,0.002522975922752025,42,18
harbor,2020-05-09,2382,908451,0.002622045657938623,43,19
harbor,2020-05-10,2439,908451,0.0026847898235568017,44,20
harbor,2020-05-11,2487,908451,0.0027376270156563203,45,21
northeast-la,2020-03-27,13,158395,8.207329776823764e-5,-11,-18
northeast-la,2020-03-28,21,158395,1.3257994254869157e-4,-10,-17
northeast-la,2020-03-29,23,158395,1.4520660374380505e-4,-9,-16
northeast-la,2020-03-30,25,158395,1.5783326493891853e-4,-8,-15
northeast-la,2020-03-31,30,158395,1.8939991792670224e-4,-7,-14
northeast-la,2020-04-01,36,158395,2.272799015120427e-4,-6,-13
northeast-la,2020-04-02,41,158395,2.588465544998264e-4,-5,-12
northeast-la,2020-04-03,53,158395,3.346065216705073e-4,-4,-11
northeast-la,2020-04-04,69,158395,4.3561981123141515e-4,-3,-10
northeast-la,2020-04-05,84,158395,5.303197701947663e-4,-2,-9
northeast-la,2020-04-06,92,158395,5.808264149752202e-4,-1,-8
northeast-la,2020-04-07,104,158395,6.565863821459011e-4,0,-7
northeast-la,2020-04-08,117,158395,7.386596799141387e-4,1,-6
northeast-la,2020-04-09,117,158395,7.386596799141387e-4,2,-5
northeast-la,2020-04-10,133,158395,8.396729694750465e-4,3,-4
northeast-la,2020-04-11,140,158395,8.838662836579438e-4,4,-3
northeast-la,2020-04-12,144,158395,9.091196060481707e-4,5,-2
northeast-la,2020-04-13,150,158395,9.469995896335112e-4,6,-1
northeast-la,2020-04-14,170,158395,0.001073266201584646,7,0
northeast-la,2020-04-15,177,158395,0.0011174595157675432,8,1
northeast-la,2020-04-16,181,158395,0.0011427128381577701,9,2
northeast-la,2020-04-17,189,158395,0.001193219482938224,10,3
northeast-la,2020-04-18,198,158395,0.0012500394583162347,11,4
northeast-la,2020-04-19,199,158395,0.0012563527889137916,12,5
northeast-la,2020-04-20,227,158395,0.0014331260456453801,13,6
northeast-la,2020-04-21,244,158395,0.0015404526658038449,14,7
northeast-la,2020-04-22,269,158395,0.0016982859307427634,15,8
northeast-la,2020-04-23,276,158395,0.0017424792449256606,16,9
northeast-la,2020-04-24,287,158395,0.0018119258814987846,17,10
northeast-la,2020-04-25,295,158395,0.0018624325262792385,18,11
northeast-la,2020-04-26,302,158395,0.0019066258404621358,19,12
northeast-la,2020-04-27,311,158395,0.0019634458158401466,20,13
northeast-la,2020-04-28,320,158395,0.0020202657912181572,21,14
northeast-la,2020-04-29,336,158395,0.002121279080779065,22,15
northeast-la,2020-04-30,336,158395,0.002121279080779065,23,16
northeast-la,2020-05-01,375,158395,0.002367498974083778,24,17
northeast-la,2020-05-02,385,158395,0.0024306322800593454,25,18
northeast-la,2020-05-03,384,158395,0.0024243189494617887,26,19
northeast-la,2020-05-04,388,158395,0.0024495722718520154,27,20
northeast-la,2020-05-05,409,158395,0.002582152214400707,28,21
northeast-la,2020-05-06,421,158395,0.002657912181571388,29,22
northeast-la,2020-05-07,430,158395,0.0027147321569493984,30,23
northeast-la,2020-05-08,440,158395,0.002777865462924966,31,24
northeast-la,2020-05-09,458,158395,0.0028915054136809874,32,25
northeast-la,2020-05-10,465,158395,0.0029356987278638847,33,26
northeast-la,2020-05-11,470,158395,0.002967265380851668,34,27
northwest-county,2020-03-27,27,290758,9.286072954140557e-5,-8,-25
northwest-county,2020-03-28,36,290758,1.238143060552074e-4,-7,-24
northwest-county,2020-03-29,42,290758,1.4445002373107533e-4,-6,-23
northwest-county,2020-03-30,44,290758,1.5132859628969796e-4,-5,-22
northwest-county,2020-03-31,51,290758,1.754036002448772e-4,-4,-21
northwest-county,2020-04-01,53,290758,1.822821728034998e-4,-3,-20
northwest-county,2020-04-02,74,290758,2.545071846690375e-4,-2,-19
northwest-county,2020-04-03,93,290758,3.198536239759525e-4,-1,-18
northwest-county,2020-04-04,108,290758,3.714429181656223e-4,0,-17
northwest-county,2020-04-05,122,290758,4.195929260759807e-4,1,-16
northwest-county,2020-04-06,128,290758,4.402286437518486e-4,2,-15
northwest-county,2020-04-07,135,290758,4.643036477070278e-4,3,-14
northwest-county,2020-04-08,149,290758,5.124536556173863e-4,4,-13
northwest-county,2020-04-09,149,290758,5.124536556173863e-4,5,-12
northwest-county,2020-04-10,161,290758,5.537250909691221e-4,6,-11
northwest-county,2020-04-11,168,290758,5.778000949243013e-4,7,-10
northwest-county,2020-04-12,177,290758,6.087536714381032e-4,8,-9
northwest-county,2020-04-13,184,290758,6.328286753932824e-4,9,-8
northwest-county,2020-04-14,191,290758,6.569036793484616e-4,10,-7
northwest-county,2020-04-15,200,290758,6.878572558622635e-4,11,-6
northwest-county,2020-04-16,213,290758,7.325679774933106e-4,12,-5
northwest-county,2020-04-17,224,290758,7.704001265657351e-4,13,-4
northwest-county,2020-04-18,234,290758,8.047929893588482e-4,14,-3
northwest-county,2020-04-19,239,290758,8.219894207554049e-4,15,-2
northwest-county,2020-04-20,262,290758,9.010930051795652e-4,16,-1
northwest-county,2020-04-21,292,290758,0.0010042715935589047,17,0
northwest-county,2020-04-22,326,290758,0.0011212073270554894,18,1
northwest-county,2020-04-23,336,290758,0.0011556001898486027,19,2
northwest-county,2020-04-24,351,290758,0.0012071894840382724,20,3
northwest-county,2020-04-25,374,290758,0.0012862930684624328,21,4
northwest-county,2020-04-26,379,290758,0.0013034894998589892,22,5
northwest-county,2020-04-27,426,290758,0.0014651359549866213,23,6
northwest-county,2020-04-28,434,290758,0.0014926502452211117,24,7
northwest-county,2020-04-29,462,290758,0.0015889502610418286,25,8
northwest-county,2020-04-30,462,290758,0.0015889502610418286,26,9
northwest-county,2020-05-01,492,290758,0.0016921288494211682,27,10
northwest-county,2020-05-02,503,290758,0.0017299609984935927,28,11
northwest-county,2020-05-03,543,290758,0.0018675324496660454,29,12
northwest-county,2020-05-04,576,290758,0.0019810288968833186,30,13
northwest-county,2020-05-05,608,290758,0.002091086057821281,31,14
northwest-county,2020-05-06,636,290758,0.002187386073641998,32,15
northwest-county,2020-05-07,667,290758,0.0022940039483006487,33,16
northwest-county,2020-05-08,694,290758,0.002386864677842054,34,17
northwest-county,2020-05-09,719,290758,0.002472846834824837,35,18
northwest-county,2020-05-10,727,290758,0.002500361125059328,36,19
northwest-county,2020-05-11,740,290758,0.002545071846690375,37,20
pomona-valley,2020-03-27,6,230377,2.6044266571749785e-5,-24,-37
pomona-valley,2020-03-28,6,230377,2.6044266571749785e-5,-23,-36
pomona-valley,2020-03-29,6,230377,2.6044266571749785e-5,-22,-35
pomona-valley,2020-03-30,8,230377,3.4725688762333047e-5,-21,-34
pomona-valley,2020-03-31,14,230377,6.076995533408283e-5,-20,-33
pomona-valley,2020-04-01,18,230377,7.813279971524935e-5,-19,-32
pomona-valley,2020-04-02,20,230377,8.681422190583262e-5,-18,-31
pomona-valley,2020-04-03,28,230377,1.2153991066816566e-4,-17,-30
pomona-valley,2020-04-04,31,230377,1.3456204395404054e-4,-16,-29
pomona-valley,2020-04-05,36,230377,1.562655994304987e-4,-15,-28
pomona-valley,2020-04-06,43,230377,1.8665057709754012e-4,-14,-27
pomona-valley,2020-04-07,48,230377,2.0835413257399828e-4,-13,-26
pomona-valley,2020-04-08,55,230377,2.3873911024103968e-4,-12,-25
pomona-valley,2020-04-09,55,230377,2.3873911024103968e-4,-11,-24
pomona-valley,2020-04-10,63,230377,2.7346479900337275e-4,-10,-23
pomona-valley,2020-04-11,65,230377,2.82146221193956e-4,-9,-22
pomona-valley,2020-04-12,68,230377,2.951683544798309e-4,-8,-21
pomona-valley,2020-04-13,70,230377,3.0384977667041415e-4,-7,-20
pomona-valley,2020-04-14,78,230377,3.3857546543274717e-4,-6,-19
pomona-valley,2020-04-15,80,230377,3.4725688762333047e-4,-5,-18
pomona-valley,2020-04-16,85,230377,3.689604430997886e-4,-4,-17
pomona-valley,2020-04-17,93,230377,4.0368613186212164e-4,-3,-16
pomona-valley,2020-04-18,97,230377,4.210489762432882e-4,-2,-15
pomona-valley,2020-04-19,98,230377,4.253896873385798e-4,-1,-14
pomona-valley,2020-04-20,110,230377,4.7747822048207936e-4,0,-13
pomona-valley,2020-04-21,129,230377,5.599517312926204e-4,1,-12
pomona-valley,2020-04-22,145,230377,6.294031088172864e-4,2,-11
pomona-valley,2020-04-23,157,230377,6.814916419607861e-4,3,-10
pomona-valley,2020-04-24,164,230377,7.118766196278274e-4,4,-9
pomona-valley,2020-04-25,170,230377,7.379208861995772e-4,5,-8
pomona-valley,2020-04-26,171,230377,7.422615972948689e-4,6,-7
pomona-valley,2020-04-27,188,230377,8.160536859148265e-4,7,-6
pomona-valley,2020-04-28,190,230377,8.247351081054099e-4,8,-5
pomona-valley,2020-04-29,210,230377,9.115493300112424e-4,9,-4
pomona-valley,2020-04-30,210,230377,9.115493300112424e-4,10,-3
pomona-valley,2020-05-01,218,230377,9.462750187735755e-4,11,-2
pomona-valley,2020-05-02,224,230377,9.723192853453253e-4,12,-1
pomona-valley,2020-05-03,235,230377,0.0010200671073935332,13,0
pomona-valley,2020-05-04,240,230377,0.0010417706628699913,14,1
pomona-valley,2020-05-05,259,230377,0.0011242441736805324,15,2
pomona-valley,2020-05-06,268,230377,0.001163310573538157,16,3
pomona-valley,2020-05-07,280,230377,0.0012153991066816566,17,4
pomona-valley,2020-05-08,288,230377,0.0012501247954439896,18,5
pomona-valley,2020-05-09,305,230377,0.0013239168840639473,19,6
pomona-valley,2020-05-10,311,230377,0.001349961150635697,20,7
pomona-valley,2020-05-11,319,230377,0.0013846868393980302,21,8
san-fernando-valley,2020-03-27,186,1626168,1.1437932612128636e-4,0,-19
san-fernando-valley,2020-03-28,251,1626168,1.5435059600238106e-4,1,-18
san-fernando-valley,2020-03-29,303,1626168,1.8632761190725682e-4,2,-17
san-fernando-valley,2020-03-30,347,1626168,2.1338508690369015e-4,3,-16
san-fernando-valley,2020-03-31,415,1626168,2.5520118462545076e-4,4,-15
san-fernando-valley,2020-04-01,495,1626168,3.04396593709875e-4,5,-14
san-fernando-valley,2020-04-02,577,1626168,3.5482188802140983e-4,6,-13
san-fernando-valley,2020-04-03,668,1626168,4.107816658549424e-4,7,-12
san-fernando-valley,2020-04-04,812,1626168,4.99333402206906e-4,8,-11
san-fernando-valley,2020-04-05,919,1626168,5.651322618573235e-4,9,-10
san-fernando-valley,2020-04-06,993,1626168,6.106380152604159e-4,10,-9
san-fernando-valley,2020-04-07,1106,1626168,6.801265305921651e-4,11,-8
san-fernando-valley,2020-04-08,1193,1626168,7.336265379714765e-4,12,-7
san-fernando-valley,2020-04-09,1193,1626168,7.336265379714765e-4,13,-6
san-fernando-valley,2020-04-10,1346,1626168,8.277127578454379e-4,14,-5
san-fernando-valley,2020-04-11,1421,1626168,8.738334538620856e-4,15,-4
san-fernando-valley,2020-04-12,1476,1626168,9.076552976076273e-4,16,-3
san-fernando-valley,2020-04-13,1523,1626168,9.365576004447265e-4,17,-2
san-fernando-valley,2020-04-14,1620,1626168,9.962070339595908e-4,18,-1
san-fernando-valley,2020-04-15,1715,1626168,0.0010546265822473447,19,0
san-fernando-valley,2020-04-16,1773,1626168,0.0010902932538335523,20,1
san-fernando-valley,2020-04-17,1869,1626168,0.0011493277447348614,21,2
san-fernando-valley,2020-04-18,1985,1626168,0.0012206610879072766,22,3
san-fernando-valley,2020-04-19,2023,1626168,0.001244028907222378,23,4
san-fernando-valley,2020-04-20,2270,1626168,0.0013959197327705378,24,5
san-fernando-valley,2020-04-21,2589,1626168,0.0015920864264946796,25,6
san-fernando-valley,2020-04-22,2888,1626168,0.0017759542679477152,26,7
san-fernando-valley,2020-04-23,3094,1626168,0.0019026324463401075,27,8
san-fernando-valley,2020-04-24,3283,1626168,0.0020188566003020597,28,9
san-fernando-valley,2020-04-25,3387,1626168,0.0020828106321118113,29,10
san-fernando-valley,2020-04-26,3473,1626168,0.0021356956968775673,30,11
san-fernando-valley,2020-04-27,3714,1626168,0.0022838968667443955,31,12
san-fernando-valley,2020-04-28,3825,1626168,0.002352155496849034,32,13
san-fernando-valley,2020-04-29,4122,1626168,0.002534793453074959,33,14
san-fernando-valley,2020-04-30,4122,1626168,0.002534793453074959,34,15
san-fernando-valley,2020-05-01,4519,1626168,0.0027789256706564143,35,16
san-fernando-valley,2020-05-02,4650,1626168,0.002859483153032159,36,17
san-fernando-valley,2020-05-03,4830,1626168,0.0029701728234721135,37,18
san-fernando-valley,2020-05-04,4940,1626168,0.0030378165109631967,38,19
san-fernando-valley,2020-05-05,5424,1626168,0.0033354487359239637,39,20
san-fernando-valley,2020-05-06,5565,1626168,0.0034221556444352613,40,21
san-fernando-valley,2020-05-07,5723,1626168,0.0035193165773769993,41,22
san-fernando-valley,2020-05-08,5838,1626168,0.0035900349779358592,42,23
san-fernando-valley,2020-05-09,6028,1626168,0.0037068740745113665,43,24
san-fernando-valley,2020-05-10,6085,1626168,0.003741925803484019,44,25
san-fernando-valley,2020-05-11,6243,1626168,0.0038390867364257565,45,26
san-gabriel-valley,2020-03-27,55,1491496,3.687572745753257e-5,-4,-32
san-gabriel-valley,2020-03-28,68,1491496,4.559180849294936e-5,-3,-31
san-gabriel-valley,2020-03-29,88,1491496,5.9001163932052116e-5,-2,-30
san-gabriel-valley,2020-03-30,93,1491496,6.23535027918278e-5,-1,-29
san-gabriel-valley,2020-03-31,115,1491496,7.710379377484083e-5,0,-28
san-gabriel-valley,2020-04-01,151,1491496,1.0124063356522578e-4,1,-27
san-gabriel-valley,2020-04-02,177,1491496,1.1867279563605936e-4,2,-26
san-gabriel-valley,2020-04-03,200,1491496,1.3409355439102753e-4,3,-25
san-gabriel-valley,2020-04-04,248,1491496,1.6627600744487415e-4,4,-24
san-gabriel-valley,2020-04-05,298,1491496,0.00019979939604263102,5,-23
san-gabriel-valley,2020-04-06,348,1491496,2.333227846403879e-4,6,-22
san-gabriel-valley,2020-04-07,382,1491496,2.561186888868626e-4,7,-21
san-gabriel-valley,2020-04-08,397,1491496,2.6617570546618965e-4,8,-20
san-gabriel-valley,2020-04-09,397,1491496,2.6617570546618965e-4,9,-19
san-gabriel-valley,2020-04-10,493,1491496,3.305406115738829e-4,10,-18
san-gabriel-valley,2020-04-11,543,1491496,3.6406400017163976e-4,11,-17
san-gabriel-valley,2020-04-12,565,1491496,3.788142911546528e-4,12,-16
san-gabriel-valley,2020-04-13,587,1491496,3.935645821376658e-4,13,-15
san-gabriel-valley,2020-04-14,635,1491496,4.2574703519151244e-4,14,-14
san-gabriel-valley,2020-04-15,671,1491496,4.4988387498189736e-4,15,-13
san-gabriel-valley,2020-04-16,701,1491496,4.699979081405515e-4,16,-12
san-gabriel-valley,2020-04-17,754,1491496,5.055327000541738e-4,17,-11
san-gabriel-valley,2020-04-18,799,1491496,5.35703749792155e-4,18,-10
san-gabriel-valley,2020-04-19,826,1491496,5.538063796349437e-4,19,-9
san-gabriel-valley,2020-04-20,895,1491496,6.000686558998483e-4,20,-8
san-gabriel-valley,2020-04-21,1013,1491496,6.791838529905545e-4,21,-7
san-gabriel-valley,2020-04-22,1145,1491496,7.676855988886326e-4,22,-6
san-gabriel-valley,2020-04-23,1241,1491496,8.320505049963259e-4,23,-5
san-gabriel-valley,2020-04-24,1316,1491496,8.823355878929611e-4,24,-4
san-gabriel-valley,2020-04-25,1390,1491496,9.319502030176414e-4,25,-3
san-gabriel-valley,2020-04-26,1422,1491496,9.534051717202057e-4,26,-2
san-gabriel-valley,2020-04-27,1484,1491496,9.949741735814242e-4,27,-1
san-gabriel-valley,2020-04-28,1546,1491496,0.0010365431754426428,28,0
san-gabriel-valley,2020-04-29,1635,1491496,0.0010962148071466502,29,1
san-gabriel-valley,2020-04-30,1635,1491496,0.0010962148071466502,30,2
san-gabriel-valley,2020-05-01,1751,1491496,0.001173989068693446,31,3
san-gabriel-valley,2020-05-02,1808,1491496,0.001212205731694889,32,4
san-gabriel-valley,2020-05-03,1866,1491496,0.001251092862468287,33,5
san-gabriel-valley,2020-05-04,1908,1491496,0.0012792525088904027,34,6
san-gabriel-valley,2020-05-05,2023,1491496,0.0013563563026652435,35,7
san-gabriel-valley,2020-05-06,2100,1491496,0.001407982321105789,36,8
san-gabriel-valley,2020-05-07,2206,1491496,0.0014790519049330338,37,9
san-gabriel-valley,2020-05-08,2270,1491496,0.0015219618423381624,38,10
san-gabriel-valley,2020-05-09,2372,1491496,0.0015903495550775866,39,11
san-gabriel-valley,2020-05-10,2418,1491496,0.001621191072587523,40,12
san-gabriel-valley,2020-05-11,2497,1491496,0.0016741580265719788,41,13
santa-monica-mountains,2020-03-27,13,87038,1.493600496334934e-4,-26,-24
santa-monica-mountains,2020-03-28,19,87038,0.00021829545715664421,-25,-23
santa-monica-mountains,2020-03-29,19,87038,0.00021829545715664421,-24,-22
santa-monica-mountains,2020-03-30,20,87038,2.2978469174383603e-4,-23,-21
santa-monica-mountains,2020-03-31,24,87038,2.7574163009260323e-4,-22,-20
santa-monica-mountains,2020-04-01,23,87038,2.6425239550541144e-4,-21,-19
santa-monica-mountains,2020-04-02,32,87038,3.676555067901376e-4,-20,-18
santa-monica-mountains,2020-04-03,39,87038,4.480801489004803e-4,-19,-17
santa-monica-mountains,2020-04-04,41,87038,4.7105861807486386e-4,-18,-16
santa-monica-mountains,2020-04-05,51,87038,5.859509639467819e-4,-17,-15
santa-monica-mountains,2020-04-06,52,87038,5.974401985339736e-4,-16,-14
santa-monica-mountains,2020-04-07,53,87038,6.089294331211655e-4,-15,-13
santa-monica-mountains,2020-04-08,59,87038,6.778648406443162e-4,-14,-12
santa-monica-mountains,2020-04-09,59,87038,6.778648406443162e-4,-13,-11
santa-monica-mountains,2020-04-10,68,87038,7.812679519290425e-4,-12,-10
santa-monica-mountains,2020-04-11,70,87038,8.042464211034261e-4,-11,-9
santa-monica-mountains,2020-04-12,71,87038,8.157356556906178e-4,-10,-8
santa-monica-mountains,2020-04-13,74,87038,8.502033594521933e-4,-9,-7
santa-monica-mountains,2020-04-14,78,87038,8.961602978009606e-4,-8,-6
santa-monica-mountains,2020-04-15,78,87038,8.961602978009606e-4,-7,-5
santa-monica-mountains,2020-04-16,78,87038,8.961602978009606e-4,-6,-4
santa-monica-mountains,2020-04-17,81,87038,9.306280015625359e-4,-5,-3
santa-monica-mountains,2020-04-18,84,87038,9.650957053241113e-4,-4,-2
santa-monica-mountains,2020-04-19,85,87038,9.76584939911303e-4,-3,-1
santa-monica-mountains,2020-04-20,91,87038,0.001045520347434454,-2,0
santa-monica-mountains,2020-04-21,98,87038,0.0011259449895447966,-1,1
santa-monica-mountains,2020-04-22,100,87038,0.00114892345871918,0,2
santa-monica-mountains,2020-04-23,102,87038,0.0011719019278935638,1,3
santa-monica-mountains,2020-04-24,105,87038,0.001206369631655139,2,4
santa-monica-mountains,2020-04-25,106,87038,0.001217858866242331,3,5
santa-monica-mountains,2020-04-26,107,87038,0.0012293481008295228,4,6
santa-monica-mountains,2020-04-27,107,87038,0.0012293481008295228,5,7
santa-monica-mountains,2020-04-28,112,87038,0.0012867942737654818,6,8
santa-monica-mountains,2020-04-29,115,87038,0.0013212619775270571,7,9
santa-monica-mountains,2020-04-30,115,87038,0.0013212619775270571,8,10
santa-monica-mountains,2020-05-01,119,87038,0.0013672189158758243,9,11
santa-monica-mountains,2020-05-02,119,87038,0.0013672189158758243,10,12
santa-monica-mountains,2020-05-03,126,87038,0.001447643557986167,11,13
santa-monica-mountains,2020-05-04,127,87038,0.0014591327925733589,12,14
santa-monica-mountains,2020-05-05,130,87038,0.0014936004963349342,13,15
santa-monica-mountains,2020-05-06,133,87038,0.0015280682000965095,14,16
santa-monica-mountains,2020-05-07,134,87038,0.0015395574346837014,15,17
santa-monica-mountains,2020-05-08,134,87038,0.0015395574346837014,16,18
santa-monica-mountains,2020-05-09,136,87038,0.001562535903858085,17,19
santa-monica-mountains,2020-05-10,136,87038,0.001562535903858085,18,20
santa-monica-mountains,2020-05-11,136,87038,0.001562535903858085,19,21
south-bay,2020-03-27,119,775751,1.5339973780246496e-4,0,-18
south-bay,2020-03-28,147,775751,1.8949379375598615e-4,1,-17
south-bay,2020-03-29,181,775751,2.3332229027097612e-4,2,-16
south-bay,2020-03-30,213,775751,2.745726399321432e-4,3,-15
south-bay,2020-03-31,261,775751,3.3644816442389376e-4,4,-14
south-bay,2020-04-01,303,775751,3.905892483541755e-4,5,-13
south-bay,2020-04-02,346,775751,4.460194057113687e-4,6,-12
south-bay,2020-04-03,402,775751,5.18207517618411e-4,7,-11
south-bay,2020-04-04,440,775751,5.671923078410469e-4,8,-10
south-bay,2020-04-05,478,775751,6.161770980636828e-4,9,-9
south-bay,2020-04-06,523,775751,6.74185402274699e-4,10,-8
south-bay,2020-04-07,566,775751,7.296155596318922e-4,11,-7
south-bay,2020-04-08,609,775751,7.850457169890855e-4,12,-6
south-bay,2020-04-09,609,775751,7.850457169890855e-4,13,-5
south-bay,2020-04-10,681,775751,8.778590037267113e-4,14,-4
south-bay,2020-04-11,727,775751,9.37156381364639e-4,15,-3
south-bay,2020-04-12,755,775751,9.7325043731816e-4,16,-2
south-bay,2020-04-13,774,775751,9.97742832429478e-4,17,-1
south-bay,2020-04-14,812,775751,0.0010467276226521138,18,0
south-bay,2020-04-15,838,775751,0.0010802435317518121,19,1
south-bay,2020-04-16,859,775751,0.001107314073716953,20,2
south-bay,2020-04-17,897,775751,0.001156298863939589,21,3
south-bay,2020-04-18,933,775751,0.0012027055073084018,22,4
south-bay,2020-04-19,952,775751,0.0012271979024197196,23,5
south-bay,2020-04-20,1022,775751,0.0013174330423035227,24,6
south-bay,2020-04-21,1144,775751,0.0014747000003867221,25,7
south-bay,2020-04-22,1182,775751,0.001523684790609358,26,8
south-bay,2020-04-23,1228,775751,0.0015829821682472856,27,9
south-bay,2020-04-24,1263,775751,0.001628099738189187,28,10
south-bay,2020-04-25,1297,775751,0.001671928234704177,29,11
south-bay,2020-04-26,1308,775751,0.001686108042400203,30,12
south-bay,2020-04-27,1355,775751,0.0017466944934650423,31,13
south-bay,2020-04-28,1375,775751,0.0017724759620032717,32,14
south-bay,2020-04-29,1456,775751,0.0018768909095831007,33,15
south-bay,2020-04-30,1456,775751,0.0018768909095831007,34,16
south-bay,2020-05-01,1528,775751,0.0019697041963207267,35,17
south-bay,2020-05-02,1554,775751,0.002003220105420425,36,18
south-bay,2020-05-03,1590,775751,0.002049626748789238,37,19
south-bay,2020-05-04,1608,775751,0.002072830070473644,38,20
south-bay,2020-05-05,1693,775751,0.002182401311761119,39,21
south-bay,2020-05-06,1752,775751,0.0022584566439488958,40,22
south-bay,2020-05-07,1786,775751,0.002302285140463886,41,23
south-bay,2020-05-08,1801,775751,0.002321621241867558,42,24
south-bay,2020-05-09,1839,775751,0.0023706060320901937,43,25
south-bay,2020-05-10,1848,775751,0.002382207692932397,44,26
south-bay,2020-05-11,1859,775751,0.002396387500628423,45,27
south-la,2020-03-27,49,843049,5.81223629943218e-5,-4,-18
south-la,2020-03-28,68,843049,8.065960578803841e-5,-3,-17
south-la,2020-03-29,79,843049,9.370748319492698e-5,-2,-16
south-la,2020-03-30,91,843049,1.0794153127516906e-4,-1,-15
south-la,2020-03-31,147,843049,1.743670889829654e-4,0,-14
south-la,2020-04-01,221,843049,2.621437188111249e-4,1,-13
south-la,2020-04-02,271,843049,3.2145225247880014e-4,2,-12
south-la,2020-04-03,314,843049,3.724575914330009e-4,3,-11
south-la,2020-04-04,376,843049,4.4600017318091834e-4,4,-10
south-la,2020-04-05,438,843049,5.195427549288357e-4,5,-9
south-la,2020-04-06,476,843049,5.646172405162689e-4,6,-8
south-la,2020-04-07,537,843049,6.369736515908328e-4,7,-7
south-la,2020-04-08,596,843049,7.069577213186897e-4,8,-6
south-la,2020-04-09,596,843049,7.069577213186897e-4,9,-5
south-la,2020-04-10,687,843049,8.148992525938587e-4,10,-4
south-la,2020-04-11,735,843049,8.71835444914827e-4,11,-3
south-la,2020-04-12,749,843049,8.884418343417761e-4,12,-2
south-la,2020-04-13,779,843049,9.240269545423813e-4,13,-1
south-la,2020-04-14,846,843049,0.0010035003896570662,14,0
south-la,2020-04-15,897,843049,0.001063995093998095,15,1
south-la,2020-04-16,923,843049,0.0010948355315052861,16,2
south-la,2020-04-17,987,843049,0.0011707504545999106,17,3
south-la,2020-04-18,1053,843049,0.001249037719041242,18,4
south-la,2020-04-19,1084,843049,0.0012858090099152006,19,5
south-la,2020-04-20,1245,843049,0.0014767824883251152,20,6
south-la,2020-04-21,1418,843049,0.0016819900148152718,21,7
south-la,2020-04-22,1574,843049,0.0018670326398584187,22,8
south-la,2020-04-23,1710,843049,0.0020283518514344957,23,9
south-la,2020-04-24,1850,843049,0.0021944157457039863,24,10
south-la,2020-04-25,1912,843049,0.0022679583274519037,25,11
south-la,2020-04-26,1966,843049,0.002332011543812993,26,12
south-la,2020-04-27,2084,843049,0.002471979683268707,27,13
south-la,2020-04-28,2170,843049,0.002573990361177108,28,14
south-la,2020-04-29,2307,843049,0.0027364957434265385,29,15
south-la,2020-04-30,2307,843049,0.0027364957434265385,30,16
south-la,2020-05-01,2518,843049,0.0029867777555041284,31,17
south-la,2020-05-02,2596,843049,0.003079299068025702,32,18
south-la,2020-05-03,2680,843049,0.0031789374045873963,33,19
south-la,2020-05-04,2717,843049,0.003222825719501476,34,20
south-la,2020-05-05,2958,843049,0.003508692851779671,35,21
south-la,2020-05-06,3083,843049,0.0036569641859488596,36,22
south-la,2020-05-07,3184,843049,0.0037767674239575634,37,23
south-la,2020-05-08,3241,843049,0.0038443791523387135,38,24
south-la,2020-05-09,3355,843049,0.003979602609101013,39,25
south-la,2020-05-10,3404,843049,0.004037724972095335,40,26
south-la,2020-05-11,3473,843049,0.0041195707485567265,41,27
southeast,2020-03-27,74,1219178,6.069663330539101e-5,-1,-22
southeast,2020-03-28,110,1219178,9.022472518368934e-5,0,-21
southeast,2020-03-29,126,1219178,1.0334832157404415e-4,1,-20
southeast,2020-03-30,156,1219178,1.2795506480595942e-4,2,-19
southeast,2020-03-31,201,1219178,1.6486517965383233e-4,3,-18
southeast,2020-04-01,248,1219178,2.034157440504996e-4,4,-17
southeast,2020-04-02,290,1219178,2.3786518457518099e-4,5,-16
southeast,2020-04-03,325,1219178,2.665730516790821e-4,6,-15
southeast,2020-04-04,398,1219178,3.2644946021007597e-4,7,-14
southeast,2020-04-05,502,1219178,4.1175283674738225e-4,8,-13
southeast,2020-04-06,546,1219178,4.47842726820858e-4,9,-12
southeast,2020-04-07,615,1219178,5.044382362542631e-4,10,-11
southeast,2020-04-08,675,1219178,5.536517227180937e-4,11,-10
southeast,2020-04-09,675,1219178,5.536517227180937e-4,12,-9
southeast,2020-04-10,811,1219178,6.652022920361095e-4,13,-8
southeast,2020-04-11,873,1219178,7.160562280487345e-4,14,-7
southeast,2020-04-12,891,1219178,7.308202739878837e-4,15,-6
southeast,2020-04-13,918,1219178,7.529663428966074e-4,16,-5
southeast,2020-04-14,992,1219178,8.136629762019984e-4,17,-4
southeast,2020-04-15,1046,1219178,8.579551140194459e-4,18,-3
southeast,2020-04-16,1112,1219178,9.120899491296595e-4,19,-2
southeast,2020-04-17,1182,1219178,9.695056833374618e-4,20,-1
southeast,2020-04-18,1253,1219178,0.0010277416423196612,21,0
southeast,2020-04-19,1294,1219178,0.0010613708580699455,22,1
southeast,2020-04-20,1467,1219178,0.0012032697440406569,23,2
southeast,2020-04-21,1634,1219178,0.0013402472813649853,24,3
southeast,2020-04-22,1767,1219178,0.0014493371763598095,25,4
southeast,2020-04-23,1889,1219178,0.0015494045988362652,26,5
southeast,2020-04-24,1983,1219178,0.0016265057276295997,27,6
southeast,2020-04-25,2049,1219178,0.0016806405627398133,28,7
southeast,2020-04-26,2093,1219178,0.001716730452813289,29,8
southeast,2020-04-27,2155,1219178,0.001767584388825914,30,9
southeast,2020-04-28,2221,1219178,0.0018217192239361275,31,10
southeast,2020-04-29,2326,1219178,0.0019078428252478309,32,11
southeast,2020-04-30,2326,1219178,0.0019078428252478309,33,12
southeast,2020-05-01,2560,1219178,0.00209977542245677,34,13
southeast,2020-05-02,2638,1219178,0.0021637529548597496,35,14
southeast,2020-05-03,2683,1219178,0.0022006630697076228,36,15
southeast,2020-05-04,2732,1219178,0.0022408540836530845,37,16
southeast,2020-05-05,2912,1219178,0.002388494543044576,38,17
southeast,2020-05-06,3011,1219178,0.0024696967957098964,39,18
southeast,2020-05-07,3090,1219178,0.0025344945528872733,40,19
southeast,2020-05-08,3211,1219178,0.0026337417505893313,41,20
southeast,2020-05-09,3298,1219178,0.0027051013059618857,42,21
southeast,2020-05-10,3348,1219178,0.002746112544681745,43,22
southeast,2020-05-11,3395,1219178,0.002784663109078412,44,23
verdugos,2020-03-27,55,462921,1.1881076900810289e-4,-3,-17
verdugos,2020-03-28,65,462921,1.4041272700957615e-4,-2,-16
verdugos,2020-03-29,76,462921,1.6417488081119672e-4,-1,-15
verdugos,2020-03-30,109,462921,2.3546134221605846e-4,0,-14
verdugos,2020-03-31,126,462921,2.72184670818563e-4,1,-13
verdugos,2020-04-01,146,462921,3.153885868215095e-4,2,-12
verdugos,2020-04-02,165,462921,3.564323070243087e-4,3,-11
verdugos,2020-04-03,188,462921,4.0611681042769716e-4,4,-10
verdugos,2020-04-04,213,462921,4.601217054313803e-4,5,-9
verdugos,2020-04-05,241,462921,5.206071878355054e-4,6,-8
verdugos,2020-04-06,272,462921,5.875732576400725e-4,7,-7
verdugos,2020-04-07,289,462921,6.24296586242577e-4,8,-6
verdugos,2020-04-08,316,462921,6.826218728465548e-4,9,-5
verdugos,2020-04-09,330,462921,7.128646140486174e-4,10,-4
verdugos,2020-04-10,411,462921,8.878404738605507e-4,11,-3
verdugos,2020-04-11,432,462921,9.332045856636445e-4,12,-2
verdugos,2020-04-12,447,462921,9.656075226658544e-4,13,-1
verdugos,2020-04-13,503,462921,0.0010865784874741046,14,0
verdugos,2020-04-14,539,462921,0.0011643455362794083,15,1
verdugos,2020-04-15,556,462921,0.0012010688648819128,16,2
verdugos,2020-04-16,567,462921,0.0012248310186835335,17,3
verdugos,2020-04-17,627,462921,0.001354442766692373,18,4
verdugos,2020-04-18,647,462921,0.0013976466826953195,19,5
verdugos,2020-04-19,654,462921,0.0014127680532963508,20,6
verdugos,2020-04-20,673,462921,0.0014538117734991499,21,7
verdugos,2020-04-21,750,462921,0.001620146850110494,22,8
verdugos,2020-04-22,796,462921,0.0017195158569172709,23,9
verdugos,2020-04-23,836,462921,0.001805923688923164,24,10
verdugos,2020-04-24,922,462921,0.001991700527735834,25,11
verdugos,2020-04-25,932,462921,0.0020133024857373074,26,12
verdugos,2020-04-26,974,462921,0.0021040307093434948,27,13
verdugos,2020-04-27,1024,462921,0.002212040499350861,28,14
verdugos,2020-04-28,1046,462921,0.0022595648069541024,29,15
verdugos,2020-04-29,1108,462921,0.0023934969465632364,30,16
verdugos,2020-04-30,1098,462921,0.002371894988561763,31,17
verdugos,2020-05-01,1187,462921,0.002564152414774875,32,18
verdugos,2020-05-02,1216,462921,0.0026267980929791475,33,19
verdugos,2020-05-03,1226,462921,0.0026484000509806207,34,20
verdugos,2020-05-04,1284,462921,0.002773691407389166,35,21
verdugos,2020-05-05,1346,462921,0.0029076235469982998,36,22
verdugos,2020-05-06,1390,462921,0.0030026721622047822,37,23
verdugos,2020-05-07,1418,462921,0.0030631576446089074,38,24
verdugos,2020-05-08,1445,462921,0.003121482931212885,39,25
verdugos,2020-05-09,1502,462921,0.0032446140918212826,40,26
verdugos,2020-05-10,1524,462921,0.003292138399424524,41,27
verdugos,2020-05-11,1541,462921,0.0033288617280270282,42,28
westside,2020-03-27,206,575038,3.582371947593029e-4,0,-10
westside,2020-03-28,241,575038,4.1910273755821353e-4,1,-9
westside,2020-03-29,282,575038,4.904023734083661e-4,2,-8
westside,2020-03-30,323,575038,5.617020092585186e-4,3,-7
westside,2020-03-31,370,575038,6.434357381599129e-4,4,-6
westside,2020-04-01,411,575038,7.147353740100654e-4,5,-5
westside,2020-04-02,441,575038,0.00076690583926627455,6,-4
westside,2020-04-03,497,575038,8.642907077445317e-4,7,-3
westside,2020-04-04,538,575038,9.355903435946842e-4,8,-2
westside,2020-04-05,560,575038,9.738486847825708e-4,9,-1
westside,2020-04-06,587,575038,0.001020802103513159,10,0
westside,2020-04-07,621,575038,0.0010799286308035296,11,1
westside,2020-04-08,641,575038,0.0011147089409743356,12,2
westside,2020-04-09,641,575038,0.0011147089409743356,13,3
westside,2020-04-10,683,575038,0.0011877475923330284,14,4
westside,2020-04-11,704,575038,0.0012242669180123748,15,5
westside,2020-04-12,710,575038,0.0012347010110636168,16,6
westside,2020-04-13,718,575038,0.001248613135131939,17,7
westside,2020-04-14,730,575038,0.0012694813212344228,18,8
westside,2020-04-15,743,575038,0.0012920885228454467,19,9
westside,2020-04-16,756,575038,0.0013146957244564708,20,10
westside,2020-04-17,768,575038,0.0013355639105589543,21,11
westside,2020-04-18,787,575038,0.0013686052052212202,22,12
westside,2020-04-19,799,575038,0.001389473391323704,23,13
westside,2020-04-20,869,575038,0.0015112044769215252,24,14
westside,2020-04-21,914,575038,0.0015894601748058389,25,15
westside,2020-04-22,935,575038,0.0016259795004851852,26,16
westside,2020-04-23,960,575038,0.0016694548881986929,27,17
westside,2020-04-24,976,575038,0.0016972791363353379,28,18
westside,2020-04-25,1010,575038,0.0017564056636257082,29,19
westside,2020-04-26,1021,575038,0.0017755348342196515,30,20
westside,2020-04-27,1031,575038,0.0017929249893050545,31,21
westside,2020-04-28,1045,575038,0.0018172712064246188,32,22
westside,2020-04-29,1062,575038,0.0018468344700698042,33,23
westside,2020-04-30,1062,575038,0.0018468344700698042,34,24
westside,2020-05-01,1121,575038,0.001949436385073682,35,25
westside,2020-05-02,1152,575038,0.0020033458658384315,36,26
westside,2020-05-03,1165,575038,0.0020259530674494554,37,27
westside,2020-05-04,1187,575038,0.002064211408637342,38,28
westside,2020-05-05,1220,575038,0.0021215989204191724,39,29
westside,2020-05-06,1241,575038,0.002158118246098519,40,30
westside,2020-05-07,1261,575038,0.002192898556269325,41,31
westside,2020-05-08,1275,575038,0.002217244773388889,42,32
westside,2020-05-09,1291,575038,0.002245069021525534,43,33
westside,2020-05-10,1316,575038,0.0022885444092390415,44,34
westside,2020-05-11,1330,575038,0.0023128906263586058,45,35
