csa.hood.name,mapla.region.slug,date,cases,population,rate.cases,new.cases,new.cases.14day,new.cases.14dayavg,rate.new.cases.14dayavg,deaths,rate.deaths,total.homes,crowded,pct.crowded,area,density
Long Beach,harbor,2021-01-07,37293,467354,7979.604325628967,597,9574,683.8571428571429,146.3253000631519,170,36.374996255515086,163267.42756878614,18922.969526395595,11.590168233907628,75.2602877048325,6209.835415896117
East Los Angeles,eastside,2021-01-15,20886,125269,16672.91987642593,0,3512,250.85714285714286,200.2547660292194,156,124.5320071206763,31100.170387239483,5744.5325190741,18.471064458962267,10.862173249235843,11532.590866087752
Pomona,pomona-valley,2021-01-15,20019,157869,12680.766965015297,0,3206,229,145.0569776206855,189,119.71951428082777,39045.8274522334,6791.633058944351,17.394004691673842,35.30435780298389,4471.657603318791
Palmdale,antelope-valley,2021-01-15,19226,159810,12030.536261810901,0,3585,256.07142857142856,160.23492182681218,106,66.32876540892309,43768.15646146281,3786.1943347508845,8.650568451711168,196.15196246163063,814.7254709789636
Florence-Firestone,south-la,2021-01-15,18862,112150,16818.54658938921,0,3267,233.35714285714286,208.075918731291,121,107.89121711992867,25292.70541888272,7707.528565711983,30.473325957284864,8.773187070798995,12783.267824447088
Lancaster,antelope-valley,2021-01-15,16878,161570,10446.246209073466,0,2907,207.64285714285714,128.51572516114203,106,65.6062387819521,47383.41693235319,1965.758935472739,4.148622160953798,140.16878951194343,1152.6817101194488
North Hollywood,san-fernando-valley,2021-01-15,15994,151421,10562.603601878207,0,3066,219,144.6298730030841,100,66.04103790095165,50066.010770582354,6849.162914575484,13.680264932551598,16.56190472483922,9142.7286001049
South Gate,southeast,2021-01-15,15229,98155,15515.256482094646,0,2942,210.14285714285714,214.09287060552913,91,92.71050888900209,23880.665871357513,5644.241176417893,23.635191777410196,10.710570865145787,9164.310776320508
Santa Clarita,northwest-county,2021-01-15,15072,220424,6837.730918593257,0,2942,210.14285714285714,95.33574254294321,85,38.56204406053787,65638.00099077588,4266.805794225402,6.500511486973859,104.40391790361352,2111.2617651331543
Boyle Heights,eastside,2021-01-15,14584,86884,16785.599189724227,0,2728,194.85714285714286,224.27275776569087,102,117.39790985682058,21160.836791444686,6074.177282254144,28.704806629905725,7.543487296769946,11517.749892308157
Downey,southeast,2021-01-15,14383,114263,12587.626790824677,0,2583,184.5,161.46959208142619,106,92.76843772699824,33196.889059801,3904.8618422079053,11.762734258543544,18.304643205112285,6242.295942052976
Glendale,verdugos,2021-01-15,14354,206493,6951.325226520997,0,2871,205.07142857142858,99.3115643491201,225,108.96253141752989,73832.52540960423,5178.391971436352,7.013700185261087,44.835445207522874,4605.574875954457
El Monte,san-gabriel-valley,2021-01-15,13960,117414,11889.553204898904,0,2437,174.07142857142858,148.25440626452433,211,179.70599758120835,28018.914819455425,5918.690904330588,21.123911980419887,14.054812632769032,8354.0067781656
Pacoima,san-fernando-valley,2021-01-15,13757,76979,17871.107704698683,0,2427,173.35714285714286,225.20056490360082,86,111.71878044661531,16164.0602797688,3973.653043293676,24.58326048355044,8.6987626913762,8849.41947850993
Compton,southeast,2021-01-15,13450,99904,13462.924407431134,0,2491,177.92857142857142,178.09954699368535,92,92.08840486867393,24490.002379018963,5054.281355663061,20.638141546254634,14.695464454565917,6798.288023415251
Norwalk,southeast,2021-01-15,12844,107622,11934.362862611733,0,2661,190.07142857142858,176.6101991892258,116,107.78465369534109,27252.55300739717,4709.159367633626,17.279699873826196,14.200749743592146,7578.613942447838
Sylmar,san-fernando-valley,2021-01-15,12679,82398,15387.509405568095,0,2447,174.78571428571428,212.12373393251568,112,135.9256292628462,20243.915291202356,2427.318565338783,11.99036120445363,17.404104148784025,4734.4005353907805
Van Nuys,san-fernando-valley,2021-01-15,11631,93194,12480.417194239972,0,2012,143.71428571428572,154.2098050456958,136,145.9321415541773,30073.65172967227,6307.171688922791,20.97241713649227,10.807874027350184,8622.787401496833
Lynwood,southeast,2021-01-15,10820,72047,15017.97437783669,0,1919,137.07142857142858,190.252791332642,124,172.10987272197315,15691.202724280982,3966.023884966665,25.275461382125506,7.240056128490662,9951.165946971694
Panorama City,san-fernando-valley,2021-01-15,10785,75250,14332.225913621263,0,2075,148.21428571428572,196.96250593260564,111,147.50830564784053,19254.859803981304,4270.374441808074,22.178164293489658,5.551649124734403,13554.53097075908
Baldwin Park,san-gabriel-valley,2021-01-15,10633,76769,13850.642837603722,0,2028,144.85714285714286,188.69223626352155,121,157.61570425562402,17740.02150361542,3498.996454779909,19.72374415705648,9.906363150996947,7749.463534685198
Inglewood,south-bay,2021-01-15,10402,113582,9158.141254776285,0,2074,148.14285714285714,130.42811109406168,121,106.53096441337537,37119.29130699955,4266.420284455403,11.49380856754366,13.256497681212567,8568.02473257859
West Covina,san-gabriel-valley,2021-01-15,10205,108235,9428.558229777798,0,1782,127.28571428571429,117.60125124563616,81,74.83715988358664,30019.192701008324,2429.144389087661,8.091971070914466,23.470314545897512,4611.570066022779
Huntington Park,southeast,2021-01-15,9288,59484,15614.282832358282,0,1699,121.35714285714286,204.01644619921802,71,119.35982785286801,14989.467622286722,5088.423542878805,33.94665955522802,4.395090077918262,13534.193599093343
Vernon Central,south-la,2021-01-15,9218,51998,17727.604907881072,0,1716,122.57142857142857,235.7233519970548,55,105.77329897303743,11021.959185154386,3535.433471892361,32.07627076549404,3.33040680066583,15613.107680900821
Whittier,san-gabriel-valley,2021-01-15,9173,91216,10056.34976319944,0,1634,116.71428571428571,127.95374245119903,87,95.37800385897212,28476.49661872332,2246.2185746526025,7.8879737375268,28.36915740553548,3215.3228485454297
Pico Rivera,southeast,2021-01-15,9114,64284,14177.711405637483,0,1599,114.21428571428571,177.67140457078852,92,143.11492750917802,17032.481870466727,2444.8673028157837,14.354145927817088,12.98195813628725,4951.79535514854
Reseda,san-fernando-valley,2021-01-15,8999,76617,11745.435086208021,0,1710,122.14285714285714,159.42004665133996,122,159.23359045642613,23364.342586163613,3609.6639032723447,15.449456324142377,9.079247005325671,8438.695406684968
Bellflower,southeast,2021-01-15,8562,77735,11014.34360326751,0,1628,116.28571428571429,149.59247994560275,73,93.90879269312407,23513.39345414089,3507.2139639600464,14.915813707622874,8.994608623737092,8642.399380764004
Montebello,southeast,2021-01-15,8350,64375,12970.873786407767,0,1429,102.07142857142857,158.55755894590845,70,108.7378640776699,19273.341234140655,2474.774703195838,12.840403089071243,12.212171548291535,5271.380257428988
West Vernon,south-la,2021-01-15,8236,53644,15353.068376705689,0,1594,113.85714285714286,212.24581100802112,59,109.98434121243756,14043.633809412982,2669.4278484943898,19.008099219342796,3.679210805213601,14580.300732968095
Paramount,southeast,2021-01-15,8106,56023,14469.057351444942,0,1448,103.42857142857143,184.61805227954846,37,66.0443032326009,14363.71065771348,2753.511957945924,19.169920806412627,7.015049877189807,7986.115705629526
Hawthorne,south-bay,2021-01-15,8044,91301,8810.418286765753,0,1708,122,133.62394716377696,70,76.66947788085564,29885.27521603888,5158.040838422279,17.259472436292146,9.028129752978394,10112.947254649243
Pasadena,verdugos,2021-01-07,7895,138101,5716.830435695614,203,2003,143.07142857142858,103.59912569165219,105,76.03131041773774,54388.47225247334,3314.723414174101,6.094533045140577,33.86915771345061,4077.485515536022
North Hills,san-fernando-valley,2021-01-15,7355,61575,11944.782785221276,0,1390,99.28571428571429,161.2435473580419,62,100.69021518473407,16986.893147371073,3642.3362001457635,21.44203868562898,7.677572965993325,8020.112641421627
Sun Valley,san-fernando-valley,2021-01-15,7332,52483,13970.237981822685,0,1482,105.85714285714286,201.69796478315428,44,83.83667092201284,14261.80583639205,2170.5899262360485,15.219600877592399,20.186986542955836,2599.8432152476826
Canoga Park,san-fernando-valley,2021-01-15,7206,65289,11037.081284749345,0,1418,101.28571428571429,155.13442430687297,82,125.59542955168558,20825.62916700559,3802.2452804142235,18.257528979908024,6.745730662698424,9678.566083437894
Covina,san-gabriel-valley,2021-01-15,6988,65851,10611.835811149413,0,1252,89.42857142857143,135.80442427384767,78,118.44922628357959,20335.670276469744,1670.7900005806637,8.216055718182659,15.929415958096993,4133.92431795515
Carson,harbor,2021-01-15,6985,93846,7443.044988598343,0,1480,105.71428571428571,112.64655468990229,67,71.39355966157322,25309.477044846226,2584.9804542168094,10.213488210903945,27.52043332717092,3410.0480499100954
Azusa,san-gabriel-valley,2021-01-15,6929,65963,10504.373664023771,0,1209,86.35714285714286,130.91754901557366,45,68.22006276245774,15670.383390191593,2187.374720800747,13.95865478422097,16.432455976892403,4014.1899721355276
Bell Gardens,southeast,2021-01-15,6822,43071,15838.963571776834,0,1216,86.85714285714286,201.660381363662,36,83.58292122309675,9631.878808558522,2916.1601341602186,30.27612984051491,3.592705625315849,11988.457862092015
South Whittier,southeast,2021-01-15,6694,59222,11303.231907061565,0,1083,77.35714285714286,130.62230734717312,52,87.80520752423087,14373.821090791631,2308.872074998282,16.063036129463345,7.791650496934832,7600.700265405568
Burbank,san-fernando-valley,2021-01-15,6552,107180,6113.080798656466,0,1267,90.5,84.43739503638739,105,97.96603844000748,41470.954015530304,2202.5709970586504,5.3111172610927095,25.410628877436885,4217.920009652709
Central,south-la,2021-01-15,6296,38992,16146.901928600737,0,1109,79.21428571428571,203.15522598042088,50,128.23143208863357,8386.353419218418,2983.726406437372,35.578352798723884,2.183496909925661,17857.59339651528
Wilmington,harbor,2021-01-15,6296,56487,11145.927381521411,0,1143,81.64285714285714,144.5338876960312,31,54.879883867084466,13728.970778922525,4283.464275246226,31.20018495357596,10.250336292041387,5510.74602731404
Melrose,central-la,2021-01-15,6293,77696,8099.516062602966,0,1168,83.42857142857143,107.37820663685572,92,118.41021416803953,30006.70469451022,4556.139458023363,15.183738115891535,6.54861985823059,11864.48468257755
Westlake,central-la,2021-01-15,6293,59355,10602.308145901778,0,1121,80.07142857142857,134.90258372745106,160,269.5644848791172,21577.649489133193,8518.95091672692,39.4804397996046,1.6788036551112835,35355.534174164946
South Park,south-la,2021-01-15,6168,37961,16248.25478780854,0,1115,79.64285714285714,209.80178905417966,34,89.56560680698611,9076.429465079065,2712.0452930237516,29.88009000078895,2.102566372310189,18054.60246103454
Watts,south-la,2021-01-15,6098,42674,14289.731452406617,0,1141,81.5,190.982799831279,45,105.45062567371232,10006.926169335758,2240.594152545488,22.390433532040486,3.0410206337088637,14032.788704874489
Vermont Vista,south-la,2021-01-15,6043,41186,14672.461516049143,0,1140,81.42857142857143,197.7093464492095,34,82.55232360510854,10893.67864638869,2449.4254339968097,22.484832842107078,2.763186660886812,14905.25435106937
Pico-Union,central-la,2021-01-15,5774,41842,13799.531571148607,0,1161,82.92857142857143,198.19456868355104,105,250.94402753214473,13010.003261916654,5411.5593149240185,41.595372468237024,1.9563987963842608,21387.25503068737
Harvard Park,south-la,2021-01-15,5757,37935,15175.958877026493,0,1080,77.14285714285714,203.35536349771226,29,76.44655331488072,11147.642253436974,1806.0148196948967,16.200868117543664,3.300407305147732,11494.035884853298
Northridge,san-fernando-valley,2021-01-15,5697,69797,8162.241930168919,0,1090,77.85714285714286,111.54797893482937,59,84.53085376162299,22681.599836831505,1811.7107143132916,7.987579039161717,14.09257859838103,4952.748676386191
Lakewood,harbor,2021-01-15,5564,80362,6923.670391478559,0,1261,90.07142857142857,112.08211414776707,19,23.64301535551629,25958.219041262084,1259.4596363187293,4.851872288760433,13.789417767382002,5827.80225790905
Arleta,san-fernando-valley,2021-01-15,5552,34370,16153.622345068376,0,1060,75.71428571428571,220.29178270086035,33,96.01396566773349,7541.065514298416,1542.2612909751406,20.451503677443185,4.190958252719563,8200.988396316498
La Puente,san-gabriel-valley,2021-01-15,5459,40697,13413.765142393788,0,881,62.92857142857143,154.6270521870689,33,81.08705801410423,9291.345308370379,1679.5624646498547,18.076633780220956,5.07075270936885,8025.8301543293965
Bell,southeast,2021-01-15,5407,36332,14882.197511835297,0,1007,71.92857142857143,197.97581038360516,52,143.12451833094792,9162.611385224478,2372.20645894345,25.89006953594957,3.8165056396020454,9519.702951045138
Alhambra,san-gabriel-valley,2021-01-15,5355,86724,6174.761311747613,0,1114,79.57142857142857,91.752489012763,40,46.12333379456667,29428.312221108696,3505.8457996445873,11.913173182694017,11.154234803851548,7774.984257105138
San Pedro,harbor,2021-01-15,5311,78038,6805.658781619211,0,921,65.78571428571429,84.29959030948294,35,44.84994489863912,28348.827309313267,2163.6457126916653,7.632222980810413,17.27090854879456,4518.465243419215
Wholesale District,central-la,2021-01-15,5258,36129,14553.405851255224,0,679,48.5,134.24119128677793,42,116.25010379473554,12249.618938499241,1967.5171646009492,16.061864246382825,9.165182278871475,3941.983792650617
Winnetka,san-fernando-valley,2021-01-15,5209,51786,10058.703124396556,0,976,69.71428571428571,134.61994692443074,33,63.72378635152358,16734.59873632185,2662.6233881163353,15.9108887525173,7.347339537769504,7048.265529827566
Torrance,south-bay,2021-01-15,5162,149268,3458.209395181821,0,1106,79,52.92494037570008,79,52.92494037570008,54338.31925294679,3173.677709270089,5.8405886543831205,29.866113447518515,4997.90507600855
El Sereno,eastside,2021-01-15,5066,41808,12117.298124760811,0,968,69.14285714285714,165.38188179979224,46,110.02678913126674,11656.644880245982,1866.5940152657063,16.013132719080627,5.716651147998834,7313.3726228222395
Century Palms/Cove,south-la,2021-01-15,5062,33766,14991.411479002547,0,1007,71.92857142857143,213.02070552796135,29,85.88520997453058,8269.768070957694,1689.4744178894232,20.429525996292792,3.0235685596688646,11167.598595382267
Athens-Westmont,south-la,2021-01-15,5037,42442,11867.960982046086,0,1016,72.57142857142857,170.98965310642424,34,80.10932566797041,13526.239325125556,1885.7676594833003,13.941551780622483,4.636137142642221,9154.60407968249
Granada Hills,san-fernando-valley,2021-01-15,5004,58191,8599.267928030107,0,1023,73.07142857142857,125.57170107306726,90,154.66309223075734,17674.4660977163,934.694201412239,5.288387192261552,23.12015383939697,2516.8950174043375
Exposition Park,south-la,2021-01-15,4948,44917,11015.873722643988,0,964,68.85714285714286,153.29862381090203,31,69.0161854086426,11557.087681970765,1996.4145020583428,17.27437358784411,3.7079843000644135,12113.58958537654
Willowbrook,south-la,2021-01-15,4866,34913,13937.501790164122,0,874,62.42857142857143,178.81182203927315,30,85.92787786784292,8510.38663506913,1634.8219244577551,19.209725651253866,5.020957180496714,6953.455037540496
Gardena,south-bay,2021-01-15,4799,61310,7827.434350024466,0,948,67.71428571428571,110.44574411072534,71,115.80492578698417,20596.190952000357,1999.4632377411895,9.707927268692352,8.52071144946461,7195.4085481737975
Highland Park,northeast-la,2021-01-15,4697,48391,9706.350354404743,0,965,68.92857142857143,142.44089072052952,27,55.79549916306751,15375.859166769917,2432.7435879255086,15.82183838665171,4.433907632186133,10913.849365901398
Sherman Oaks,san-fernando-valley,2021-01-15,4355,87254,4991.175189676118,0,803,57.357142857142854,65.73583200442714,33,37.82061567378,40923.195969720924,889.8615213934712,2.1744673169023256,16.049932793922114,5436.409056681027
Maywood,southeast,2021-01-15,4253,28049,15162.750900210345,0,694,49.57142857142857,176.73153613828862,48,171.1290955114264,6330.465625007618,2181.0131460233847,34.45264969779787,1.7177438200800272,16328.977390058802
Koreatown,central-la,2021-01-15,4221,51693,8165.51564041553,0,924,66,127.67686147060529,40,77.3799160427911,19149.220073295204,5012.018271723278,26.1734851473813,2.129170183431458,24278.472619172906
Lincoln Heights,eastside,2021-01-15,4182,32597,12829.40147866368,0,791,56.5,173.32883394177378,64,196.33708623492961,9129.936641192226,1488.7687202223162,16.306451826897963,4.773364481457009,6828.935885082502
Lake Balboa,san-fernando-valley,2021-01-15,4175,42206,9891.958489314316,0,758,54.142857142857146,128.2823701437169,22,52.125290243093396,13210.332192071557,1790.7991390737998,13.556049257781597,5.587340081531707,7553.862729692604
Wilshire Center,central-la,2021-01-15,4168,50170,8307.753637632051,0,909,64.92857142857143,129.41712463338934,42,83.7153677496512,18717.309587146014,4817.018960729485,25.735637583499393,1.8853273028609807,26610.764042862542
Hacienda Heights,san-gabriel-valley,2021-01-15,4123,55926,7372.241891070343,0,780,55.714285714285715,99.62143853357243,29,51.854235954654364,15876.28845551634,736.2271320765919,4.63727485261698,17.725790204904552,3155.0638563084103
Hollywood,central-la,2021-01-15,4118,68254,6033.346031001846,0,726,51.857142857142854,75.97670884804239,23,33.697658745275,33351.71939175285,3077.3585883073342,9.226986327632325,6.489177782309274,10518.12761026109
Temple-Beaudry,central-la,2021-01-15,4069,39482,10305.962210627627,0,761,54.357142857142854,137.67575821169862,37,93.71359100349527,12426.677632190256,3141.6473388748927,25.28147451686299,2.0255497327974403,19491.992401229425
San Fernando,san-fernando-valley,2021-01-15,4066,24612,16520.396554526247,0,806,57.57142857142857,233.91609203408325,27,109.70258410531449,6583.230430139949,1098.1354606694233,16.680799378399985,3.482704293614649,7066.922117138908
Cudahy,southeast,2021-01-15,3879,24347,15932.14769786832,0,757,54.07142857142857,222.08661671429155,21,86.25292643857559,5776.185613249236,1650.0482402218404,28.56639918975268,1.7912915081729128,13591.86926801966
Glendora,san-gabriel-valley,2021-01-15,3789,53424,7092.318059299191,0,664,47.42857142857143,88.77764942454971,89,166.5917939502845,17467.463092260296,717.8058444857724,4.1093880702334324,29.568257220470663,1806.8024639278894
Harbor Gateway,harbor,2021-01-15,3752,43600,8605.504587155963,0,790,56.42857142857143,129.42332896461338,21,48.1651376146789,12442.508735809019,2387.163334819701,19.185546785669878,7.495387091909842,5816.911050139055
Monterey Park,san-gabriel-valley,2021-01-15,3719,62262,5973.1457389740135,0,718,51.285714285714285,82.37081090506936,72,115.64035848511132,20021.669390810937,2022.211973254993,10.10011669747728,11.298347286943423,5510.717489800575
Rosemead,san-gabriel-valley,2021-01-15,3694,55350,6673.893405600723,0,771,55.07142857142857,99.49670925280681,42,75.88075880758808,14120.829905113642,2718.5671171484532,19.252176645538135,7.558072995692791,7323.295240935483
Woodland Hills,san-fernando-valley,2021-01-15,3622,68055,5322.165895231798,0,746,53.285714285714285,78.29801526076598,36,52.89839100727353,26757.87014001223,859.1209243164153,3.21072237745759,21.6064702802268,3149.7509365183378
West Whittier/Los Nietos,southeast,2021-01-15,3526,26925,13095.636025998141,0,601,42.92857142857143,159.43759119246585,27,100.27855153203343,6360.206590782664,814.014539598815,12.798555015154708,3.785460393288045,7112.741173501749
Mission Hills,san-fernando-valley,2021-01-15,3422,24124,14185.043939645167,0,638,45.57142857142857,188.9049435061705,64,265.2959708174432,6355.108405080508,904.5316570069322,14.233142841179799,5.4539124002340875,4423.246695154945
Santa Monica,westside,2021-01-15,3419,92446,3698.375267723861,0,613,43.785714285714285,47.36355741266716,56,60.575903770850005,45487.891072523285,1433.395820750789,3.1511591040030082,12.421425132909267,7442.463244823171
La Mirada,southeast,2021-01-15,3322,49599,6697.715679751608,0,597,42.642857142857146,85.97523567583448,36,72.58210851025223,14386.419925004167,1241.542555916634,8.629961883420238,11.420962025274354,4342.804037894394
Castaic,northwest-county,2021-01-15,3211,27191,11809.054466551434,0,256,18.285714285714285,67.24914231074357,5,18.388437350593946,6607.794781624163,116.99343695460622,1.7705367799853162,450.30465151045314,60.38356456855033
Green Meadows,south-la,2021-01-15,3177,21505,14773.308532899326,0,658,47,218.55382469193214,16,74.4013020227854,5178.654682535547,1170.4446771355242,22.601326963983954,1.7872084603259089,12032.731758710692
West Adams,south-la,2021-01-15,3147,27630,11389.793702497285,0,561,40.07142857142857,145.02869551729486,52,188.20123054650742,9187.675723761131,1577.2643097008943,17.167174344451226,2.1368315982523227,12930.359146035698
South El Monte,san-gabriel-valley,2021-01-15,3077,22680,13567.019400352734,0,545,38.92857142857143,171.6427311665407,18,79.36507936507937,5186.745561868655,1248.685233184399,24.07454189317374,4.351604653589249,5211.870517992322
Valinda,san-gabriel-valley,2021-01-15,2990,23371,12793.633135081938,0,551,39.357142857142854,168.40162105662083,16,68.46091309742843,4394.807447141215,603.9552526394207,13.74247358737613,2.9620366679890275,7890.179163739703
Valley Glen,san-fernando-valley,2021-01-15,2951,30016,9831.423240938168,0,512,36.57142857142857,121.83978068839477,24,79.95735607675905,9874.185529124652,1160.694827389092,11.754841186298712,3.436334323586812,8734.889324933201
Eagle Rock,northeast-la,2021-01-15,2949,39589,7449.038874434817,0,612,43.714285714285715,110.42028269035772,31,78.30457955492687,12672.327318740561,1096.1112031188065,8.649644027879667,6.768072606377746,5849.37578280324
Downtown,central-la,2021-01-15,2918,27507,10608.2088195732,0,473,33.785714285714285,122.82587808817496,21,76.34420329370705,18343.426153142802,2539.0968444951486,13.841998889940863,3.0376158620774256,9055.45705874342
San Jose Hills,san-gabriel-valley,2021-01-15,2890,20221,14292.072597794373,0,523,37.357142857142854,184.7442898825125,22,108.79778448147964,4233.040694650428,800.6284158923653,18.913789723405497,2.2010361116546693,9187.036910902154
Hyde Park,south-la,2021-01-15,2851,28541,9989.138432430538,0,615,43.92857142857143,153.91391832301403,19,66.5708980063768,10265.520107272656,996.6807477637415,9.709013643231172,2.976450069326434,9588.93962110333
Rowland Heights,san-gabriel-valley,2021-01-15,2847,51022,5579.945905687742,0,573,40.92857142857143,80.21749721408692,24,47.03853239778919,14351.746110845528,1536.4908009021478,10.705950265807942,27.613292480083384,1847.7332986206043
Chatsworth,san-fernando-valley,2021-01-15,2815,37061,7595.585656080515,0,558,39.857142857142854,107.54470429060969,39,105.2319149510267,13219.60072904763,466.0262364489353,3.525267109050645,15.430815957661002,2401.752447938449
Lennox,south-bay,2021-01-15,2771,22542,12292.60935143288,0,635,45.357142857142854,201.2117064020178,8,35.48930884571023,4639.593975849525,1398.0906048026304,30.133899907623608,1.5957440164046643,14126.325882010125
Monrovia,san-gabriel-valley,2021-01-15,2762,42681,6471.263559897847,0,529,37.785714285714285,88.53052713318405,42,98.40444225767905,14554.883904859047,722.3771764819206,4.9631256504956385,20.682756712089628,2063.6030580513384
Glassell Park,northeast-la,2021-01-15,2716,31604,8593.848879888621,0,617,44.07142857142857,139.4488943533368,17,53.790659410201236,10215.326202247154,1382.7384340271494,13.535920504652868,4.446560841788319,7107.51547645292
University Park,south-la,2021-01-15,2666,27456,9710.081585081585,0,345,24.642857142857142,89.753996003996,27,98.33916083916085,6639.724492431094,1596.7837610716317,24.048946050274733,1.9911823416781838,13788.792430159798
Lawndale,south-bay,2021-01-15,2641,33614,7856.845362051526,0,553,39.5,117.51056107574226,16,47.59921461295888,9763.528160482847,1573.996794294074,16.12118865662424,2.8629123553614555,11741.190727355006
East Hollywood,central-la,2021-01-15,2538,29287,8665.961006589954,0,518,37,126.33591695974324,49,167.3097278656059,10006.879387092322,2662.142374706522,26.603122429359622,1.6110795651867338,18178.49387010595
Encino,san-fernando-valley,2021-01-15,2537,45172,5616.310989108298,0,422,30.142857142857142,66.72907363600713,25,55.344018418489334,18925.454221440006,544.8693262982234,2.8790290574952726,20.709826388560284,2181.1868024616642
Altadena,verdugos,2021-01-15,2533,43620,5806.969280146722,0,453,32.357142857142854,74.17960306543524,25,57.31315910132966,14945.632713596684,706.2766269638041,4.725638857171125,12.831717664542253,3399.3890093556743
Arcadia,san-gabriel-valley,2021-01-15,2517,65735,3829.0104206282804,0,513,36.642857142857146,55.743298308142,48,73.02046094165969,21885.512223370468,895.8702670403469,4.093439796596083,17.584001066030694,3738.34144761222
Duarte,san-gabriel-valley,2021-01-15,2507,26444,9480.41143548631,0,468,33.42857142857143,126.41268880869546,46,173.95250340341855,7929.039738982706,631.8737928498041,7.9691086644859395,10.311082220798017,2564.6192546754214
Silverlake,central-la,2021-01-15,2502,44083,5675.657282852801,0,470,33.57142857142857,76.15504519072788,37,83.93258172084478,18438.47034738318,1284.5880601774618,6.9668906149786585,5.562988318034953,7924.3380499442965
Tarzana,san-fernando-valley,2021-01-15,2495,30876,8080.709936520275,0,457,32.642857142857146,105.72242888605113,42,136.0279828993393,11374.839339731267,647.3199208459861,5.6908049556793054,9.404658421301376,3283.0538459606823
Diamond Bar,san-gabriel-valley,2021-01-15,2473,57515,4299.747891854299,0,507,36.214285714285715,62.964940822890924,17,29.557506737372858,14526.098352567195,466.35679806434854,3.210475288995475,21.70855365782672,2649.416488383313
Walnut Park,southeast,2021-01-15,2471,16143,15306.944186334635,0,502,35.857142857142854,222.12192812452986,21,130.08734435978442,3745.240442564817,985.253304056448,26.306810448242583,1.0909704239703513,14796.918088073404
San Gabriel,san-gabriel-valley,2021-01-15,2463,40954,6014.0645602383165,0,509,36.357142857142854,88.77556003599858,107,261.26874053816476,12299.337299443248,1190.469915891776,9.679138695917095,6.041566654251225,6778.705316638723
San Dimas,san-gabriel-valley,2021-01-15,2398,34516,6947.502607486384,0,478,34.142857142857146,98.91892786782115,22,63.73855603198517,11240.775639192636,294.3468690798454,2.6185636874875544,22.53944190208643,1531.360011039356
Mt. Washington,northeast-la,2021-01-15,2332,24145,9658.314350797265,0,493,35.214285714285715,145.8450433393486,22,91.11617312072893,7377.459168437473,1058.0712269837845,14.341946228729604,3.4511761632155613,6996.165613726133
Cerritos,southeast,2021-01-15,2313,50654,4566.273147234177,0,501,35.785714285714285,70.6473610883924,19,37.50937734433609,15519.944088637145,844.5449697224218,5.441675336580314,12.91564860273335,3921.9091164558354
Vermont Knolls,south-la,2021-01-15,2305,17200,13401.162790697674,0,411,29.357142857142858,170.6810631229236,21,122.09302325581395,5495.385538323865,489.76820735904926,8.912353900258513,1.551456617178604,11086.355757261843
La Verne,pomona-valley,2021-01-15,2302,35322,6517.1847573750065,0,444,31.714285714285715,89.78621174986047,19,53.79083857086235,12182.964443409432,345.0325573204877,2.83209032516826,16.925883667905122,2086.862978207608
West Hills,san-fernando-valley,2021-01-15,2270,40545,5598.717474411148,0,440,31.428571428571427,77.51528284269683,52,128.2525588851893,12617.466313570309,255.72413239130856,2.0267470983161866,14.656161685652863,2766.4132580967707
East Rancho Dominguez,southeast,2021-01-15,2244,15308,14659.001829108962,0,399,28.5,186.17716226809512,22,143.71570420695062,2692.8032838126783,762.4698998781786,28.315098412930297,1.2015073499404765,12740.662802236182
Santa Fe Springs,southeast,2021-01-15,2207,18364,12018.078849923764,0,418,29.857142857142858,162.5851821887544,13,70.79067741232846,6312.812921917157,873.9915326332917,13.844724110212766,12.926874613510227,1420.6063374984149
Baldwin Hills,south-la,2021-01-15,2140,31125,6875.502008032129,0,415,29.642857142857142,95.23809523809524,30,96.38554216867469,12670.932737049032,1144.075715682441,9.02913573471378,3.789198689531578,8214.137750545799
Bassett,san-gabriel-valley,2021-01-15,2116,14817,14280.893568198691,0,384,27.428571428571427,185.1155525988488,10,67.4900452183303,2512.0874348497578,454.39996811354007,18.08854109971362,1.8023680622247829,8220.851395752314
Little Bangladesh,central-la,2021-01-15,2104,28343,7423.349680697173,0,505,36.07142857142857,127.26750369201768,9,31.753872208305403,11522.847567236699,2588.9513382995856,22.467982182293536,0.7326020392383158,38688.125997394345
Tujunga,verdugos,2021-01-15,2081,27810,7482.9198130169,0,441,31.5,113.26860841423948,21,75.51240560949299,9688.548468379884,665.8384235032664,6.87242702739565,8.097280434040766,3434.486458328336
Commerce,southeast,2021-01-15,2062,13069,15777.794781544113,0,352,25.142857142857142,192.38547052457832,15,114.77542275614049,3400.0453378098073,508.5188858398809,14.956238382616727,9.559206699965657,1367.1636580519755
Harvard Heights,central-la,2021-01-15,2036,18035,11289.159966731357,0,424,30.285714285714285,167.92744267099687,33,182.97754366509565,5176.541571910557,1597.1125642942102,30.852887823032553,1.09455540524468,16477.009673136105
Palms,westside,2021-01-15,2001,43877,4560.475875743556,0,536,38.285714285714285,87.25690973793624,32,72.93114843767805,19676.014907329765,1593.7636530946772,8.100032758670881,2.673523622462723,16411.674702010896
Beverly Hills,westside,2021-01-15,1998,34520,5787.949015063731,0,337,24.071428571428573,69.73183247806655,14,40.55619930475087,15129.773961985982,446.0957760554821,2.9484629259915667,8.349360792367065,4134.448236032389
Redondo Beach,south-bay,2021-01-15,1990,68697,2896.7786075083336,0,403,28.785714285714285,41.90243283653476,14,20.379346987495815,27021.784138234438,606.1122001856709,2.243050263021135,9.060052991745495,7582.405981796023
Porter Ranch,san-fernando-valley,2021-01-15,1889,35588,5307.9689783072945,0,381,27.214285714285715,76.47039933203808,7,19.66955153422502,11560.297336486952,181.69690375211678,1.5717320970511688,12.027536838168757,2958.8768239780693
Temple City,san-gabriel-valley,2021-01-15,1858,36455,5096.694554930737,0,339,24.214285714285715,66.42239943570351,63,172.8158003017419,11918.562724531592,1021.2472079696998,8.56854330151487,5.886378697010818,6193.111567645544
Lakeview Terrace,san-fernando-valley,2021-01-15,1854,13133,14117.109571308916,0,317,22.642857142857142,172.41191763387758,29,220.8177872534836,3483.0065055320138,376.31958976530444,10.804446938804189,8.769741225106813,1497.5356356469963
Hawaiian Gardens,harbor,2021-01-15,1844,14676,12564.73153447806,0,379,27.071428571428573,184.46053809913172,3,20.44153720359771,3962.8382817601005,727.5295078390694,18.358798823249888,1.3883010759029473,10571.193997278126
Westwood,westside,2021-01-15,1798,54109,3322.9222495333493,0,419,29.928571428571427,55.31163286804677,8,14.78497107690033,18576.47941517179,1424.8530955125918,7.670199846096162,5.547034907770199,9754.580762454725
Harbor City,harbor,2021-01-15,1790,29070,6157.550739594083,0,373,26.642857142857142,91.65069536586564,12,41.279669762641895,10089.79805303391,1181.1966473930527,11.706841318175616,6.6237752255190925,4388.735881012907
West Los Angeles,westside,2021-01-15,1787,37636,4748.113508343075,0,338,24.142857142857142,64.14830785114556,20,53.14061005420342,18206.144572108802,1255.8029535763678,6.897687473602816,3.127658651856566,12033.282461198065
Claremont,pomona-valley,2021-01-15,1782,37186,4792.126068950681,0,297,21.214285714285715,57.04911986846048,19,51.09449792932825,12023.915129883873,212.34349417674574,1.7660095890812941,21.167579922246873,1756.7431013177827
Sunland,san-fernando-valley,2021-01-15,1709,20408,8374.166993335946,0,328,23.428571428571427,114.80091840734725,31,151.90121520972167,6444.33416346636,305.0839572217845,4.73414241848815,9.696619953413538,2104.6509090846334
West Hollywood,central-la,2021-01-15,1690,36951,4573.624529782685,0,245,17.5,47.36001732023491,10,27.062867040134233,23556.7706232529,308.0558317125544,1.307716735198297,2.770191749547192,13338.787831578775
Historic Filipinotown,central-la,2021-01-15,1675,13870,12076.423936553712,0,313,22.357142857142858,161.19064785250796,22,158.61571737563085,5069.741340883978,1316.2655416219118,25.963169580411037,0.8747066374037716,15856.744886683073
Westchester,south-bay,2021-01-15,1667,51603,3230.432339205085,0,307,21.928571428571427,42.49476082509046,21,40.695308412301614,20300.487248192978,446.3891254967045,2.1989084303207513,18.78206801160478,2747.4610340094778
Culver City,westside,2021-01-15,1636,39865,4103.850495422049,0,355,25.357142857142858,63.60753256526491,38,95.32171077386178,14987.313086424465,768.5585300427794,5.128060817912325,7.490569549161679,5322.025212950805
Artesia,southeast,2021-01-15,1606,16795,9562.36975290265,0,324,23.142857142857142,137.79611278867011,22,130.9913664781185,4565.748086287276,579.9650428999697,12.702519542018342,2.3580067122157935,7122.541217967068
West Carson,harbor,2021-01-15,1599,22086,7239.88046726433,0,354,25.285714285714285,114.48752280048123,55,249.02653264511454,7914.683942184093,477.6918094074892,6.035513393800384,3.6017738651976163,6131.978526860742
Del Rey,westside,2021-01-15,1585,30254,5238.976664242745,0,271,19.357142857142858,63.98209445740351,9,29.748132478349973,12615.022605956005,1042.6399037219417,8.265065678357754,3.4876397533518957,8674.634463299579
Valley Village,san-fernando-valley,2021-01-15,1554,24720,6286.407766990292,0,263,18.785714285714285,75.99398982894128,32,129.44983818770226,11147.880914117955,402.71508869023415,3.6124810786256756,2.9947702244842693,8254.389534762067
Mar Vista,westside,2021-01-15,1501,42471,3534.176261448989,0,337,24.071428571428573,56.67732940460214,8,18.83638247274611,17993.918193423484,1235.5298032151873,6.866374460159297,5.132324383892381,8275.19790707184
West Puente Valley,san-gabriel-valley,2021-01-15,1433,9835,14570.411794611082,0,286,20.428571428571427,207.71297842980604,5,50.838840874428065,2096.642976928246,207.88233578566852,9.915008805659092,1.1534268846163878,8526.765008837965
Walnut,san-gabriel-valley,2021-01-15,1341,30532,4392.113192715839,0,255,18.214285714285715,59.65637925548838,7,22.92676536093279,9144.140549238375,223.70721712990968,2.4464542722775895,13.310979084278673,2293.7456220677805
Northeast San Gabriel,san-gabriel-valley,2021-01-15,1261,24036,5246.297220835414,0,205,14.642857142857142,60.920523975940846,22,91.52937260775504,6885.381412783827,496.18737249741366,7.206389054586887,3.2058021717863388,7497.655411034501
Alsace,south-la,2021-01-15,1258,12445,10108.47730012053,0,242,17.285714285714285,138.89686047179015,4,32.14142225793491,3416.473817093175,507.24977162110116,14.847172809674348,0.90833005672298,13700.966854381482
Cloverdale/Cochran,central-la,2021-01-15,1246,14553,8561.808561808562,0,209,14.928571428571429,102.5807148256128,8,54.97148354291212,4801.461121435571,689.4857315324316,14.359914911198631,1.263103664940705,11521.619645275254
Lake Los Angeles,antelope-valley,2021-01-15,1207,12994,9288.902570417114,0,209,14.928571428571429,114.88819015369731,4,30.783438510081577,3763.944086637173,165.32775382216002,4.3924072732405834,67.21782948734976,193.31180579767815
Covina (Charter Oak),san-gabriel-valley,2021-01-15,1206,13144,9175.289105295193,0,223,15.928571428571429,121.18511433788368,4,30.432136335970785,3538.2089427671476,239.83843622009553,6.778526652881152,1.91904528360972,6849.239104601099
Country Club Park,central-la,2021-01-15,1197,15153,7899.425856266086,0,229,16.357142857142858,107.94656409386165,37,244.176070745067,5294.824690288917,616.9906218654147,11.652711051926218,1.4126568425851698,10726.59654008395
Venice,westside,2021-01-15,1188,33885,3505.97609561753,0,184,13.142857142857142,38.78665233246907,6,17.706949977866312,15783.813394704726,484.1912972749945,3.0676445873177562,4.0760962830985,8313.100978626015
Leimert Park,south-la,2021-01-15,1185,15235,7778.142435182146,0,215,15.357142857142858,100.80172535046181,10,65.63833278634722,6372.33305297666,229.89094173234415,3.607641656849008,1.9201012211385569,7934.477532890764
Vermont Square,south-la,2021-01-15,1183,7657,15449.915110356535,0,243,17.357142857142858,226.68333364428443,6,78.35967088938227,2068.1624399629027,524.0213367260103,25.337532806920613,0.6486313820810392,11804.855903569809
Crenshaw District,south-la,2021-01-15,1138,13829,8229.083809386073,0,206,14.714285714285714,106.40166110554425,4,28.924723407332415,5337.761406737393,453.9994347023496,8.50542765229831,1.726529788466195,8009.708313393961
Brentwood,westside,2021-01-15,1117,30955,3608.4638992085283,0,201,14.357142857142858,46.38069086461915,5,16.152479405588757,14119.637331761345,226.1652367741045,1.6017779455663375,13.480249869617648,2296.3224197919117
Figueroa Park Square,south-la,2021-01-15,1114,8721,12773.764476550852,0,212,15.142857142857142,173.63670614444607,7,80.26602453847036,2599.6345733615485,429.87437450838854,16.53595389572483,1.0408955658301884,8378.362139571977
Hollywood Hills,central-la,2021-01-15,1110,29434,3771.1490113474215,0,167,11.928571428571429,40.526504819499316,8,27.179452334035467,14369.912670573982,325.97118267327284,2.2684284180848295,10.311510331495205,2854.479998928728
Echo Park,central-la,2021-01-15,1088,14256,7631.874298540965,0,230,16.428571428571427,115.2396985730319,8,56.116722783389456,5475.505115154979,504.3494624447835,9.211012533781705,1.4550082049958033,9797.882892379372
Elysian Valley,central-la,2021-01-15,1084,10171,10657.752433389047,0,261,18.642857142857142,183.29423992583955,8,78.65499950840626,3221.951656361578,395.004619636981,12.259793496810067,1.4077529566093072,7224.989265515534
Atwater Village,northeast-la,2021-01-15,1078,14666,7350.334106095732,0,276,19.714285714285715,134.42169449260683,8,54.547933996999866,5589.874292070822,591.0062193595156,10.572799824816306,3.4066756655354586,4305.076690561562
South Pasadena,san-gabriel-valley,2021-01-15,1037,26053,3980.3477526580427,0,184,13.142857142857142,50.446617060826554,28,107.47322765132614,9983.053612343892,256.59790000305605,2.5703347890046055,4.995692779696824,5215.092510468807
Gramercy Place,south-la,2021-01-15,1026,10764,9531.772575250836,0,238,17,157.9338535860275,7,65.0315867707172,4066.5249018016443,208.14752392938374,5.118560170064752,1.668702133937111,6450.522104027984
Lomita,south-bay,2021-01-15,1012,20729,4882.0493029089685,0,246,17.571428571428573,84.76737214254702,9,43.41743451203628,8040.430295217932,400.84549920421944,4.985373723625505,2.784267238722685,7445.046837353756
Studio City,san-fernando-valley,2021-01-15,1001,22440,4460.78431372549,0,155,11.071428571428571,49.33791698497581,14,62.38859180035651,10874.629054411791,285.22079512031706,2.622809418999025,6.289336183149332,3567.9441115140644
Rancho Palos Verdes,south-bay,2021-01-15,975,42747,2280.8618148642013,0,184,13.142857142857142,30.745683072162123,16,37.42952721828432,15272.875899025761,380.1893864288069,2.489311043593687,19.549092428634705,2186.6488255682884
Manhattan Beach,south-bay,2021-01-15,966,35999,2683.4078724409014,0,153,10.928571428571429,30.357986134535484,4,11.111419761660047,13328.418904933826,187.1921032937526,1.4044584329838183,5.71387481029587,6300.278041642277
Jefferson Park,south-la,2021-01-15,928,8073,11495.10714728106,0,165,11.785714285714286,145.98927642405906,1,12.38696890870804,2339.760762757401,309.0422206219471,13.208282895459009,0.657821243041515,12272.330949170206
Adams-Normandie,south-la,2021-01-15,922,8202,11241.16069251402,0,156,11.142857142857142,135.85536628696835,5,60.960741282614,2382.418979430011,438.1216925038011,18.38978350519273,0.5414658327385266,15147.770189888859
Little Armenia,central-la,2021-01-15,922,8025,11489.096573208722,0,160,11.428571428571429,142.41210502892747,55,685.3582554517134,2653.141618054273,617.0296765347712,23.25656769830781,0.3682370535041123,21793.026865805023
Mid-city,central-la,2021-01-15,920,15030,6121.091151031271,0,174,12.428571428571429,82.69175933846593,22,146.37391882900866,6637.317029236171,674.9532739104691,10.169067876936163,1.6415573859674648,9155.939431957142
North Whittier,san-gabriel-valley,2021-01-15,918,8360,10980.86124401914,0,180,12.857142857142858,153.79357484620644,12,143.54066985645932,1615.904735162423,99.02140399023968,6.127923375401615,1.8799775973039101,4446.861500897212
Avocado Heights,san-gabriel-valley,2021-01-15,906,6775,13372.693726937268,0,165,11.785714285714286,173.95888244596733,4,59.04059040590406,1156.941241998698,240.39802480268136,20.778758339306563,1.8114537808398021,3740.0899055006885
Signal Hill,harbor,2021-01-15,902,11797,7646.011697889293,0,192,13.714285714285714,116.2523159641071,4,33.90692548953124,4573.165521830191,293.96691084314796,6.4280837734799885,3.1800906366915016,3709.642695050147
Quartz Hill,antelope-valley,2021-01-15,898,12906,6958.004029133736,0,171,12.214285714285714,94.6403666068938,14,108.47667751433443,3476.8431500861357,70.02613053358895,2.01407217728111,6.038244712871029,2137.3761107246564
Athens Village,south-la,2021-01-15,893,4897,18235.654482336126,0,131,9.357142857142858,191.07908632107123,15,306.309985705534,1171.8913333324888,205.25244639343137,17.514631310546367,0.6563507044274072,7460.950322696898
Calabasas,santa-monica-mountains,2021-01-15,867,24323,3564.5274020474444,0,148,10.571428571428571,43.46268376198894,13,53.447354355959376,5264.064677904502,34.27242156474964,0.6510638387215385,20.136720825366552,1207.8927950056259
Victoria Park,central-la,2021-01-15,855,8399,10179.783307536612,0,170,12.142857142857142,144.57503444287585,4,47.62471722824146,2514.2980901893857,548.4082728789646,21.811585309586604,0.5884588494166054,14272.875679117951
Los Feliz,central-la,2021-01-15,813,21608,3762.495372084413,0,156,11.142857142857142,51.568202253133755,4,18.511662347278786,10616.221491998427,292.90618983248123,2.7590436960386344,15.298349200480521,1412.4399774664114
Stevenson Ranch,northwest-county,2021-01-15,807,20966,3849.0890012401032,0,181,12.928571428571429,61.664463553235855,5,23.84813507583707,7041.226646680656,120.73823910751342,1.7147330311321725,62.955947548517976,333.02651800836173
La Crescenta-Montrose,verdugos,2021-01-15,796,19801,4019.998989950003,0,182,13,65.65324983586687,3,15.150749962123124,6216.237145136473,236.6531541226626,3.8070161835414833,5.045195711869343,3924.7238622311734
Hancock Park,central-la,2021-01-15,787,17039,4618.815658195904,0,141,10.071428571428571,59.1080965516085,4,23.475556077234582,6262.8238415692485,273.6534616180023,4.369490002283605,3.0041619380218636,5671.798109265571
Crestview,westside,2021-01-15,760,11368,6685.432793807177,0,142,10.142857142857142,89.22288127073489,25,219.91555242786768,4588.5338849059035,216.05462267446902,4.708576379596674,1.1387555739325765,9982.827096724337
Carthay,central-la,2021-01-15,740,14363,5152.126992968043,0,116,8.285714285714286,57.6879084154723,23,160.1336768084662,7637.093097066565,150.12334492133488,1.9657131714028442,1.4489446083851634,9912.732285885962
Agoura Hills,santa-monica-mountains,2021-01-15,733,20883,3510.0320835129055,0,140,10,47.88584015706556,8,38.30867212565244,6794.424714951186,152.2942540823302,2.2414591443953378,11.44383609415749,1824.8251572443928
Hermosa Beach,south-bay,2021-01-15,728,19670,3701.0676156583627,0,136,9.714285714285714,49.38630256373012,4,20.335536349771225,8856.318326578428,127.22959237315841,1.4365968756038674,2.111543959064909,9315.458442414243
South San Gabriel,san-gabriel-valley,2021-01-15,728,8848,8227.848101265823,0,144,10.285714285714286,116.24903125807286,25,282.5497287522604,2901.9005578678525,513.7805341314963,17.704966930672235,2.0693196487888406,4275.801471840601
Manchester Square,south-la,2021-01-15,721,8536,8446.579194001873,0,158,11.285714285714286,132.2131476770652,6,70.29053420805998,3124.61459456684,149.88153392757857,4.796800673855791,1.1042567343189562,7730.086432540099
Sun Village,antelope-valley,2021-01-15,687,6036,11381.709741550696,0,107,7.642857142857143,126.62122503076779,5,82.83631544068919,695.7621337955972,100.90066487854259,14.502178255677457,16.47207007199005,366.43846059542466
Miracle Mile,central-la,2021-01-15,686,17985,3814.289685849319,0,125,8.928571428571429,49.6445450573891,6,33.36113427856547,8711.00258809675,208.2427393798906,2.3905714327814147,1.7440288956995043,10312.32913878212
Thai Town,central-la,2021-01-15,667,9809,6799.877663370374,0,159,11.357142857142858,115.78288161018307,4,40.77887654195127,4703.732875449881,536.6107649853137,11.408189605877448,0.32066375648225137,30589.674703517438
Beverlywood,westside,2021-01-15,647,13173,4911.5615273665835,0,117,8.357142857142858,63.441454924032925,0,0,5035.347243786582,176.42240382150598,3.503678997296645,1.5668584408050905,8407.268746774205
Canyon Country,northwest-county,2021-01-15,615,7728,7958.074534161491,0,110,7.857142857142857,101.67110322389826,2,25.87991718426501,1884.9922370928048,70.49570295608622,3.739840492118455,8.741775502223327,884.0309383413598
El Camino Village,south-bay,2021-01-15,602,8791,6847.91263792515,0,128,9.142857142857142,104.00247005866389,5,56.87635081333182,2815.112716128396,363.21995597294506,12.902501341846047,1.6625844686069084,5287.550898010038
La Canada Flintridge,verdugos,2021-01-15,596,20693,2880.201034166143,0,124,8.857142857142858,42.802604055201556,6,28.995312424491374,7054.6289176522105,126.03966083124332,1.7866235389910414,12.676647306273665,1632.371675258256
Chinatown,central-la,2021-01-15,577,8021,7193.61675601546,0,100,7.142857142857143,89.05195290932731,3,37.40182022191747,3946.12097472049,743.1116801249942,18.831447005438804,0.5861877659063657,13683.328903321448
Pacific Palisades,westside,2021-01-15,572,21291,2686.5811845380676,0,96,6.857142857142857,32.2067674470098,4,18.78728101075572,8197.660857560144,124.40348824948518,1.5175486082076246,8.397587028075478,2535.3711642187504
South Carthay,central-la,2021-01-15,548,10595,5172.251061821614,0,102,7.285714285714286,68.76559023798288,2,18.876828692779615,4582.780279691585,181.94807356098954,3.970255226227743,0.7753576900305233,13664.661015463596
Cadillac-Corning,central-la,2021-01-15,547,7121,7681.5054065440245,0,105,7.5,105.32228619575903,2,28.08594298553574,2201.813755626676,338.59115343286993,15.377828963399349,0.3519283743528786,20234.23093717295
View Park/Windsor Hills,south-la,2021-01-15,539,11635,4632.574129780834,0,100,7.142857142857143,61.39112284363681,6,51.56854318865492,4761.496565371024,49.66950335781047,1.0431489905724658,2.702294034493731,4305.601038037961
Reseda Ranch,san-fernando-valley,2021-01-15,519,4636,11194.995685936152,0,127,9.071428571428571,195.67361025514606,1,21.570319240724764,1200.2447575488584,111.71665151149267,9.307822492775605,1.0548964581726719,4394.7441135887775
El Segundo,south-bay,2021-01-15,504,16786,3002.5020850708925,0,114,8.142857142857142,48.50981259893448,1,5.957345406886692,6575.258855153882,204.35442233984796,3.1079296928313163,7.915545794753854,2120.6370900065
St Elmo Village,central-la,2021-01-15,483,4584,10536.649214659685,0,90,6.428571428571429,140.23934181002244,11,239.9650959860384,1207.4751483859422,242.95725566524638,20.12109781224173,0.219000163002456,20931.49126993386
Beverly Crest,westside,2021-01-15,476,12525,3800.399201596806,0,68,4.857142857142857,38.77958368976333,2,15.96806387225549,4470.458723495026,29.191903691500066,0.6529957102182502,12.288256563625488,1019.2658279186078
Longwood,central-la,2021-01-15,467,4304,10850.371747211895,0,85,6.071428571428571,141.064790228359,2,46.468401486988846,1316.1997065234953,100.87082424162355,7.66379324821882,0.3440531987070044,12509.69331537965
Century City,westside,2021-01-15,446,12792,3486.554096310194,0,85,6.071428571428571,47.46269990172429,2,15.634771732332707,5848.563652946633,128.65307521097816,2.199737967221404,1.6897762066597788,7570.233235373963
Park La Brea,central-la,2021-01-15,446,13580,3284.2415316642123,0,81,5.785714285714286,42.60467073427309,1,7.363770250368188,5429.417716097838,310.7837495576596,5.7240714531174834,0.6996255456418121,19410.383289452617
Playa Vista,westside,2021-01-15,442,10947,4037.635881976797,0,100,7.142857142857143,65.24944864215897,0,0,5963.643617082297,96.82300104638624,1.623554445289887,1.969829595896268,5557.333498697455
Wellington Square,central-la,2021-01-15,441,4915,8972.533062054934,0,79,5.642857142857143,114.8088940560965,3,61.03763987792472,1674.9572954027428,217.6291140158221,12.993114189427335,0.5126903835524923,9586.682640589792
Lafayette Square,central-la,2021-01-15,423,4559,9278.350515463917,0,82,5.857142857142857,128.47428947450882,3,65.80390436499232,1474.4726150091494,179.01523834356075,12.140967320878314,0.37927063809469286,12020.440134524071
Elysian Park,central-la,2021-01-15,403,5712,7055.322128851541,0,78,5.571428571428571,97.5390156062425,0,0,2119.3412756693606,316.61557970103723,14.939339092569655,2.5575506054182164,2233.386892872824
Littlerock/Pearblossom,antelope-valley,2021-01-15,398,3569,11151.583076492016,0,79,5.642857142857143,158.10751310891408,1,28.01905295601009,1793.4372724403295,169.49758446671763,9.450990401023745,36.43908051883767,97.94429357664384
Littlerock,antelope-valley,2021-01-15,396,4021,9848.296443670728,0,80,5.714285714285714,142.1110597932284,1,24.869435463814973,247.24924137903128,23.36958074033504,9.451831119881838,4.9641937596481736,810.0006153436242
East La Mirada,san-gabriel-valley,2021-01-15,392,5292,7407.407407407407,0,68,4.857142857142857,91.78274484396933,1,18.89644746787604,1661.0848233708593,181.88384045233187,10.949702140028757,0.9408283402066616,5624.830560309826
Santa Monica Mountains,santa-monica-mountains,2021-01-15,392,18621,2105.150099350196,0,84,6,32.22168519413565,1,5.370280865689276,12374.713470678,132.83029876322877,1.0734010050250569,166.1065600104896,112.10273693479708
Rosewood/West Rancho Dominguez,southeast,2021-01-15,390,3361,11603.689378161262,0,82,5.857142857142857,174.26786245590174,1,29.753049687592977,902.2738386167963,119.95360913023265,13.294590178312596,0.6747897557791825,4980.810646894068
Wiseburn,south-bay,2021-01-15,386,6027,6404.513024722083,0,57,4.071428571428571,67.55315366564744,1,16.592002654720424,1261.1254873886421,129.00219009123202,10.229131944541955,0.6737166001209627,8945.898021390418
Toluca Lake,san-fernando-valley,2021-01-15,374,8704,4296.875,0,63,4.5,51.700367647058826,2,22.977941176470587,4438.996719671517,154.44810595885846,3.4793471523512984,1.512096524478011,5756.246283949828
East Whittier,san-gabriel-valley,2021-01-15,369,5306,6954.3912551828125,0,81,5.785714285714286,109.04097786872005,0,0,1700.6404130861524,88.13148077357599,5.182252526484643,0.6561375522962408,8086.718983589562
Sierra Madre,san-gabriel-valley,2021-01-15,362,10989,3294.2032942032943,0,61,4.357142857142857,39.650039650039645,5,45.5000455000455,4606.399376288829,104.97068574652756,2.2788012321914164,4.330310569351966,2537.693272573868
Acton,antelope-valley,2021-01-15,342,7971,4290.553255551374,0,71,5.071428571428571,63.623492302453535,3,37.63643206624012,2476.677638042383,77.70621972416122,3.137518526051772,92.50907207254122,86.16452226166014
Cheviot Hills,westside,2021-01-15,338,9171,3685.530476502017,0,74,5.285714285714286,57.635091982491396,2,21.80787264202377,3711.462448719895,47.04483768488736,1.2675552652058597,2.532651551633615,3621.1061067932956
Little Tokyo,central-la,2021-01-15,325,3133,10373.44398340249,0,70,5,159.59144589849984,1,31.91828917969997,2309.9536325090576,279.70870843658395,12.108845151699692,0.3263012351233066,9601.557281314195
Bel Air,westside,2021-01-15,302,8429,3582.868667694863,0,63,4.5,53.38711590936054,0,0,2945.8339106332337,42.018874181930855,1.4263830024584963,9.7849708624541,861.4231067711102
San Marino,san-gabriel-valley,2021-01-15,302,13277,2274.610228214205,0,55,3.9285714285714284,29.58930050893597,6,45.19093168637493,4590.463372329557,52.99463736466813,1.154450718071508,5.507821596055456,2410.5719055077248
Rancho Dominguez,harbor,2021-01-15,297,2661,11161.217587373168,0,54,3.857142857142857,144.9508777580931,1,37.579857196542655,865.9523546500312,66.24477362541414,7.6499328478859,3.926576366983285,677.6896082742933
Ladera Heights,westside,2021-01-15,287,7071,4058.8318483948524,0,42,3,42.42681374628765,4,56.5690849950502,5539.569749985998,145.19912920428519,2.62112647294769,4.311017835065987,1640.2159004038933
Shadow Hills,san-fernando-valley,2021-01-15,287,4442,6461.0535794687075,0,49,3.5,78.79333633498423,0,0,1411.9901765068892,47.742082842719256,3.381190863581502,4.484196436018986,990.5899670942052
Desert View Highlands,antelope-valley,2021-01-15,284,2493,11391.89731247493,0,63,4.5,180.50541516245488,2,80.22462896109106,582.9247157441944,28.64915813661095,4.914726955784647,0.6558089706362186,3801.4118617216704
Exposition,south-la,2021-01-15,279,3326,8388.454600120263,0,45,3.2142857142857144,96.64118202903532,2,60.132291040288635,1149.6867097664926,179.0565747960458,15.574379809297186,0.5142240519066115,6467.997729137798
Palos Verdes Estates,south-bay,2021-01-15,269,13522,1989.3506877680816,0,40,2.857142857142857,21.12958776174277,2,14.790711433219938,4697.4748822250785,26.559524953680825,0.5654000419284888,6.929952365969461,1951.2399632646463
Malibu,santa-monica-mountains,2021-01-15,268,12961,2067.7416865982564,0,45,3.2142857142857144,24.799673746514266,5,38.57727027235553,4003.8040984059076,97.08359167760352,2.4247837629282816,28.744764128781597,450.8995078871561
Rancho Park,westside,2021-01-15,260,6560,3963.4146341463415,0,43,3.0714285714285716,46.8205574912892,0,0,2717.65864110235,163.2842655104369,6.008269877640142,1.2292825983319964,5336.445833448884
Marina del Rey,westside,2021-01-15,254,9411,2698.9692912549144,0,33,2.357142857142857,25.046677899722212,0,0,3366.496516239318,68.79282365356451,2.0434544732698052,1.2966800698755676,7257.765595875242
Del Aire,south-bay,2021-01-15,230,4393,5235.602094240838,0,35,2.5,56.90871841566128,2,45.52697473252903,1725.4329623983724,144.75066274410239,8.389237130540108,0.8063518164301116,5447.99417634939
Val Verde,northwest-county,2021-01-15,230,3309,6950.740404956181,0,42,3,90.66183136899366,1,30.22061045633122,931.3173881871375,146.008401955481,15.677620090364114,26.63533116864187,124.23348442897267
Angelino Heights,central-la,2021-01-15,220,2502,8792.965627498003,0,42,3,119.9040767386091,1,39.96802557953637,913.6760994077872,64.23418307442937,7.03030134158743,0.21904006775668228,11422.567686471468
University Hills,eastside,2021-01-15,218,3429,6357.538641003208,0,52,3.7142857142857144,108.31979335916346,1,29.163021289005545,997.1655626428195,137.1558346815709,13.754569935012842,0.6884986376562173,4980.402011648099
Irwindale,san-gabriel-valley,2021-01-15,206,1459,14119.259766963674,0,27,1.9285714285714286,132.18447077254478,2,137.08019191226867,531.2324090009436,47.85951410308095,9.009148028654241,14.088404379762277,103.5603437175487
White Fence Farms,antelope-valley,2021-01-15,200,3683,5430.355688297584,0,31,2.2142857142857144,60.12179512043754,0,0,1168.539068254179,34.56255145289275,2.9577574590235907,8.513316997542255,432.6163352149651
Reynier Village,central-la,2021-01-15,190,4228,4493.850520340587,0,33,2.357142857142857,55.750777132044874,0,0,1630.028618477188,80.92844265748289,4.964847962797622,0.5059342546072821,8356.817039956844
Rolling Hills Estates,south-bay,2021-01-15,185,8113,2280.290891162332,0,38,2.7142857142857144,33.45600535296086,3,36.97769012695674,3436.259024458744,60.42138707797722,1.7583478616689667,5.2172649437221015,1555.0293281084596
View Heights,south-la,2021-01-15,185,3694,5008.121277747699,0,43,3.0714285714285716,83.14641503596566,3,81.21277747698971,1288.0720335668327,40.27811212708158,3.127007735393993,0.5018025435427441,7361.461290969604
Regent Square,central-la,2021-01-15,180,2780,6474.820143884892,0,38,2.7142857142857144,97.63617677286743,0,0,850.1511391460094,73.14753617038842,8.604062595724603,0.2953859856161803,9411.414675617978
Faircrest Heights,central-la,2021-01-15,179,3600,4972.222222222223,0,52,3.7142857142857144,103.17460317460319,1,27.77777777777778,1341.0696884500414,116.91053048386158,8.717707326528453,0.6857907583385361,5249.414571759049
Agua Dulce,northwest-county,2021-01-15,176,4158,4232.804232804233,0,39,2.7857142857142856,66.99649556792414,0,0,2800.6189517731773,51.55852419736946,1.8409689102734172,63.27136138594306,65.71693589200657
La Rambla,harbor,2021-01-15,170,2075,8192.77108433735,0,23,1.6428571428571428,79.17383820998279,15,722.8915662650603,669.8414498708493,78.22843443315689,11.678649395053107,0.30404154014957196,6824.7253285824445
East Pasadena,verdugos,2021-01-15,169,6403,2639.3877869748553,0,15,1.0714285714285714,16.733227728073896,2,31.235358425737935,2904.550989535121,82.59858985119376,2.843764497465883,4.4101801704036685,1451.8681216177902
West LA,westside,2021-01-15,166,952,17436.974789915967,0,27,1.9285714285714286,202.5810324129652,4,420.16806722689074,202.90131338192646,3.345488590622965,1.648825497903833,1.317199091735114,722.7457154908556
Sunrise Village,san-gabriel-valley,2021-01-15,159,1296,12268.518518518518,0,19,1.3571428571428572,104.71781305114638,0,0,136.18367401395426,9.90713759742677,7.274835011729541,0.16714244843525777,7753.865114055706
Kagel/Lopez Canyons,angeles-forest,2021-01-15,152,1412,10764.87252124646,0,22,1.5714285714285714,111.29097531363821,2,141.643059490085,1436.8190798873882,64.56009641863875,4.4932655281623,12.853138961214567,109.85643306750431
West Rancho Dominguez,southeast,2021-01-15,146,1359,10743.193524650478,0,45,3.2142857142857144,236.51844843897825,3,220.7505518763797,421.0847844493187,49.66477656102096,11.79448377028654,0.26711675620589936,5087.662860627333
Valencia,northwest-county,2021-01-15,137,3072,4459.635416666666,0,32,2.2857142857142856,74.4047619047619,0,0,257.2888619100813,12.846364880467284,4.992973572620839,0.9880103189126462,3109.279266820701
Pellissier Village,san-gabriel-valley,2021-01-15,134,619,21647.81906300485,0,31,2.2142857142857144,357.71982460189247,0,0,257.3944649028063,37.77740176557653,14.676850871615091,0.4604477949049827,1344.3434996311273
Harbor Pines,harbor,2021-01-15,132,2409,5479.45205479452,0,24,1.7142857142857142,71.16171499733143,0,0,766.3977087498589,63.22789700516385,8.250011225672976,0.3486525397831108,6909.45776990062
Rosewood/East Gardena,southeast,2021-01-15,131,1193,10980.720871751886,0,30,2.142857142857143,179.6192072805652,2,167.64459346186086,361.97108570614546,18.29932015891941,5.0554646162470345,1.4566109447624713,819.0244651735346
Del Sur,antelope-valley,2021-01-15,128,2415,5300.207039337474,0,27,1.9285714285714286,79.85803016858918,0,0,1170.6032077891887,42.68431105792523,3.646351793152796,50.47370015547553,47.84670021339844
Rosewood,southeast,2021-01-15,123,1286,9564.541213063763,0,36,2.5714285714285716,199.95556542990448,1,77.76049766718506,239.5680903224142,25.899253007828563,10.81081081081081,0.15247287162860126,8434.287268704977
Industry,san-gabriel-valley,2021-01-15,119,437,27231.121281464533,0,13,0.9285714285714286,212.4877410918601,2,457.66590389016017,5936.169918784745,810.0580541216879,13.646139938789407,17.566471017052304,24.87693740967044
Anaverde,antelope-valley,2021-01-15,110,1508,7294.429708222812,0,9,0.6428571428571429,42.62978400909436,0,0,820.0596473838712,75.18591005241704,9.168346508973196,17.51546867723243,86.09532681019158
Palisades Highlands,westside,2021-01-15,110,3846,2860.114404576183,0,22,1.5714285714285714,40.85877720823118,0,0,1464.6451636523016,0.3156143026322315,0.02154885773460667,27.014699806243797,142.36693457948735
Santa Catalina Island,harbor,2021-01-15,109,267,40823.97003745318,0,19,1.3571428571428572,508.29320492241845,1,374.53183520599254,57.73373828726142,7.522408934805647,13.02948528532305,103.41558336422253,2.5818159247784203
Marina Peninsula,westside,2021-01-15,107,4360,2454.1284403669724,0,13,0.9285714285714286,21.29750982961992,1,22.93577981651376,1965.1367357032582,10.953386408374786,0.5573854586996425,0.5609045907583476,7773.157987716314
North Lancaster,antelope-valley,2021-01-15,104,1198,8681.135225375627,0,16,1.1428571428571428,95.39709038874314,1,83.47245409015025,1479.76815384511,120.08539706599724,8.115149441077024,67.35001800478784,17.787671562535223
Saugus,northwest-county,2021-01-15,102,155,65806.45161290323,0,12,0.8571428571428571,552.9953917050691,0,0,910.6954066759371,58.20179376855712,6.390917681356849,2.7935141136189166,55.485669195063416
La Habra Heights,san-gabriel-valley,2021-01-15,101,5455,1851.512373968836,0,2,0.14285714285714285,2.61882938326568,2,36.663611365719525,3141.6044367357567,81.52420093967014,2.5949861792395734,9.192671966982653,593.4074466697756
Toluca Terrace,san-fernando-valley,2021-01-15,100,1306,7656.967840735068,0,25,1.7857142857142858,136.73156858455482,1,76.5696784073507,438.1503014398116,57.68907164337125,13.166502785413686,0.13016846058438536,10033.152379130648
Vernon,southeast,2021-01-15,99,209,47368.42105263157,0,34,2.4285714285714284,1161.995898838004,0,0,147.997556508853,29.011559820259315,19.602728926490006,7.515615752273288,27.808766026493927
Mandeville Canyon,westside,2021-01-15,98,3124,3137.0038412291933,0,17,1.2142857142857142,38.86958112310224,0,0,1107.699993013368,0.25282267396413965,0.02282411082050883,6.359958654216194,491.19816178820804
Lake Manor,san-fernando-valley,2021-01-15,96,1643,5842.970176506391,0,18,1.2857142857142858,78.25406486392488,1,60.86427267194157,693.4933674957902,7.78589898457225,1.1227070581348442,0.8032922962568881,2045.332698515732
Pearblossom/Llano,antelope-valley,2021-01-15,94,1956,4805.725971370143,0,28,2,102.24948875255625,1,51.12474437627812,181.9044642703039,7.492852857997459,4.119114331830434,24.47813119191201,79.90806098164454
Leona Valley,antelope-valley,2021-01-15,87,1751,4968.5893774985725,0,14,1,57.110222729868646,0,0,1255.3448077764454,7.954980185028223,0.6336888586904375,32.703698351524714,53.541345115738714
Toluca Woods,san-fernando-valley,2021-01-15,82,1858,4413.3476856835305,0,13,0.9285714285714286,49.97693372289713,0,0,776.5621366969575,38.529925656174775,4.96160240570814,0.37703599148537376,4927.911504363839
Littlerock/Juniper Hills,antelope-valley,2021-01-15,81,1297,6245.181187355436,0,9,0.6428571428571429,49.56493005837647,0,0,383.5673041652622,15.601896215110688,4.067577201102761,51.91686862782995,24.982246315694496
Playa Del Rey,south-bay,2021-01-15,80,3196,2503.1289111389237,0,12,0.8571428571428571,26.819238333631322,0,0,1496.161091745212,44.90234673637524,3.0011705948053,0.97578385463380235,3275.3155166718893
Westlake Village,santa-monica-mountains,2021-01-15,79,8360,944.976076555024,0,3,0.21428571428571427,2.5632262474367735,0,0,2672.6704944338176,14.64528650235378,0.5479645370746034,8.05156012989812,1038.3080875166715
Bradbury,san-gabriel-valley,2021-01-15,74,1177,6287.170773152082,0,28,2,169.92353440951572,3,254.88530161427357,409.3648318069908,0.5089760233270846,0.12433310919269656,2.9128207155521637,404.0756761017762
Twin Lakes/Oat Mountain,northwest-county,2021-01-15,69,1658,4161.640530759952,0,16,1.1428571428571428,68.92986386351886,2,120.62726176115801,732.1405964325805,18.87739740385185,2.5783841923031767,29.343295075342645,56.503538397541035
Roosevelt,antelope-valley,2021-01-15,64,931,6874.328678839956,0,11,0.7857142857142857,84.39466011968696,0,0,267.4413262335035,16.488889283303394,6.165423091308975,82.45915996089907,11.290437598945546
Southeast Antelope Valley,antelope-valley,2021-01-15,61,781,7810.499359795134,0,6,0.42857142857142855,54.8747027620267,0,0,416.658664730412,0.10291928079232403,0.024701101766097973,6.4684874307230045,120.73920037171735
Hidden Hills,santa-monica-mountains,2021-01-15,58,1890,3068.7830687830688,0,15,1.0714285714285714,56.68934240362812,0,0,837.001952931172,21.427753644320642,2.560060173011649,2.4711922447437256,764.8130185015217
Newhall,northwest-county,2021-01-15,57,0,Inf,0,0,0,NaN,0,NaN,501.329484908488,24.251749374694214,4.837487142636563,1.8951684095170709,0
Elizabeth Lake,antelope-valley,2021-01-15,53,1661,3190.848886213125,0,12,0.8571428571428571,51.60402511395889,0,0,647.332393763157,21.92825283903985,3.3874796086696164,13.206928615596011,125.76731868138755
Bouquet Canyon,northwest-county,2021-01-15,34,1073,3168.685927306617,0,8,0.5714285714285714,53.25522566901877,1,93.19664492078284,440.28296399901785,22.94504879720062,5.211432345415891,41.295930476715554,25.983189811039715
Lake Hughes,northwest-county,2021-01-15,34,668,5089.820359281437,0,11,0.7857142857142857,117.6218990590248,0,0,71.81083178297862,2.337178238311746,3.254631899230736,14.160537548860194,47.173350425088096
Rolling Hills,south-bay,2021-01-15,34,1940,1752.5773195876288,0,8,0.5714285714285714,29.455081001472752,0,0,627.2766181027745,5.147184490234874,0.8205605536203084,4.337478018111658,447.2645145172605
Westhills,san-fernando-valley,2021-01-15,34,839,4052.443384982122,0,4,0.2857142857142857,34.054146092286736,0,0,323.23438380011436,8.297877724632555,2.5671395558474677,0.3253882228221622,2578.4584110733085
Hi Vista,antelope-valley,2021-01-15,31,1098,2823.315118397086,0,5,0.35714285714285715,32.526671870934166,0,0,256.4326034979414,6.0176577937286995,2.3466820176698042,252.28480445836132,4.352224076108479
West Antelope Valley,antelope-valley,2021-01-15,31,1511,2051.6214427531436,0,12,0.8571428571428571,56.72686016828969,0,0,573.6052957096341,18.04022849775591,3.145059613760625,342.10785286272585,4.416735796492528
East Covina,san-gabriel-valley,2021-01-15,29,329,8814.589665653495,0,6,0.42857142857142855,130.2648719062093,0,0,198.33460362936756,4.072369269267125,2.053282278909461,0.5468157849639539,601.6651476542281
Llano,antelope-valley,2021-01-15,27,877,3078.677309007982,0,3,0.21428571428571427,24.43394689688874,0,0,1008.1030175460285,41.04529137742506,4.071537398761034,136.7055560352432,6.415247671235148
San Pasqual,san-gabriel-valley,2021-01-15,27,2035,1326.7813267813267,0,2,0.14285714285714285,7.020007020007021,0,0,888.4641093668216,16.355881431995424,1.8409163926330925,0.3745895610134344,5432.612682783801
Angeles National Forest,angeles-forest,2021-01-15,26,1245,2088.3534136546186,0,3,0.21428571428571427,17.21170395869191,0,0,497.3382313464782,2.0210279735625196,0.40636891479081566,1023.8495934741138,1.2159989200908714
Saugus/Canyon Country,northwest-county,2021-01-15,26,356,7303.3707865168535,0,0,0,0,0,0,94.76458414786082,0.1253983237534385,0.13232614787585623,7.185946041126175,49.54114572563754
Sycamore Square,central-la,2021-01-15,25,647,3863.987635239567,0,2,0.14285714285714285,22.079929344226098,1,154.5595054095827,468.7839114523076,15.935371440863339,3.3992999869588196,0.09594454778395162,6743.47855030718
Brookside,central-la,2021-01-15,23,581,3958.69191049914,0,5,0.35714285714285715,61.47037128104253,1,172.1170395869191,387.2913637408992,10.887854681871014,2.811282590116073,0.1495361548879377,3885.3479978497576
Westfield/Academy Hills,south-bay,2021-01-15,23,1300,1769.230769230769,0,4,0.2857142857142857,21.978021978021978,0,0,394.6561713370746,4.1341858115615056,1.047541154001241,0.7594132531967402,1711.8479227583491
South Antelope Valley,antelope-valley,2021-01-15,20,455,4395.604395604396,0,7,0.5,109.89010989010988,0,0,336.7107989300751,31.90042276145492,9.474131172157534,16.592119428425036,27.42265700067889
Palos Verdes Peninsula,south-bay,2021-01-15,18,621,2898.550724637681,0,0,0,0,0,0,124.9014127721951,1.4318292274968887,1.146367519563906,0.24085710059132814,2578.2922673875223
East Lancaster,antelope-valley,2021-01-15,14,114,12280.701754385964,0,4,0.2857142857142857,250.62656641604008,0,0,15.747247561493564,0.9696188868810264,6.157386445438354,4.831585715575033,23.594738189681948
San Francisquito Canyon/Bouquet Canyon,northwest-county,2021-01-15,12,0,Inf,0,5,0.35714285714285715,Inf,0,NaN,469.33660634338656,2.5909520421263155,0.5520455909698774,92.31249420371822,0
Sand Canyon,angeles-forest,2021-01-15,10,0,Inf,0,0,0,NaN,0,NaN,40.51131012073833,0.34331618746388415,0.847457627118644,0.3913530759136649,0
Avalon,harbor,2021-01-15,8,3723,214.88047273704004,0,2,0.14285714285714285,3.837151298875715,0,0,1372.6032063556395,162.32708691358928,11.826220874463743,4.265538785041137,872.8088496243963
Whittier Narrows,san-gabriel-valley,2021-01-15,8,0,Inf,0,0,0,NaN,0,NaN,1524.4477223440829,193.04613019028213,12.66334865805977,4.344203498923778,0
Padua Hills,pomona-valley,2021-01-15,7,0,Inf,0,1,0.07142857142857142,Inf,0,NaN,7.928821442055169,0,0,0.10889486682224644,0
Franklin Canyon,westside,2021-01-15,1,0,Inf,0,0,0,NaN,0,NaN,92.86016197343066,0,0,0.25918554052320386,0
West Chatsworth,san-fernando-valley,2021-01-15,1,0,Inf,0,0,0,NaN,0,NaN,794.6668040301174,8.738981532375558,1.0997038618017263,2.0297284168396046,0
