mapla.region.slug,date,cases,population,case.rate.100k
angeles-forest,2020-03-27,0,3117,0
angeles-forest,2020-03-28,0,3117,0
angeles-forest,2020-03-29,0,3117,0
angeles-forest,2020-03-30,0,3117,0
angeles-forest,2020-03-31,0,3117,0
angeles-forest,2020-04-01,0,3117,0
angeles-forest,2020-04-02,0,3117,0
angeles-forest,2020-04-03,0,3117,0
angeles-forest,2020-04-04,0,3117,0
angeles-forest,2020-04-05,0,3117,0
angeles-forest,2020-04-06,0,3117,0
angeles-forest,2020-04-07,0,3117,0
angeles-forest,2020-04-08,0,3117,0
angeles-forest,2020-04-09,0,3117,0
angeles-forest,2020-04-10,0,3117,0
angeles-forest,2020-04-11,0,3117,0
angeles-forest,2020-04-12,0,3117,0
angeles-forest,2020-04-13,0,3117,0
angeles-forest,2020-04-14,0,3117,0
angeles-forest,2020-04-15,0,3117,0
angeles-forest,2020-04-16,0,3117,0
angeles-forest,2020-04-17,0,3117,0
angeles-forest,2020-04-18,0,3117,0
angeles-forest,2020-04-19,0,3117,0
angeles-forest,2020-04-20,0,3117,0
angeles-forest,2020-04-21,0,3117,0
angeles-forest,2020-04-22,0,3117,0
angeles-forest,2020-04-23,0,3117,0
angeles-forest,2020-04-24,0,3117,0
angeles-forest,2020-04-25,2,3117,64.16426050689766
angeles-forest,2020-04-26,2,3117,64.16426050689766
angeles-forest,2020-04-27,2,3117,64.16426050689766
angeles-forest,2020-04-28,2,3117,64.16426050689766
angeles-forest,2020-04-29,2,3117,64.16426050689766
angeles-forest,2020-04-30,2,3117,64.16426050689766
angeles-forest,2020-05-01,2,3117,64.16426050689766
angeles-forest,2020-05-02,2,3117,64.16426050689766
angeles-forest,2020-05-03,2,3117,64.16426050689766
angeles-forest,2020-05-04,2,3117,64.16426050689766
angeles-forest,2020-05-05,1,3117,32.08213025344883
angeles-forest,2020-05-06,1,3117,32.08213025344883
angeles-forest,2020-05-07,1,3117,32.08213025344883
angeles-forest,2020-05-08,1,3117,32.08213025344883
angeles-forest,2020-05-09,1,3117,32.08213025344883
angeles-forest,2020-05-10,1,3117,32.08213025344883
angeles-forest,2020-05-11,2,3117,64.16426050689766
angeles-forest,2020-05-12,2,3117,64.16426050689766
angeles-forest,2020-05-13,2,3117,64.16426050689766
angeles-forest,2020-05-14,4,3117,128.32852101379532
angeles-forest,2020-05-15,4,3117,128.32852101379532
angeles-forest,2020-05-16,4,3117,128.32852101379532
angeles-forest,2020-05-17,4,3117,128.32852101379532
angeles-forest,2020-05-18,4,3117,128.32852101379532
angeles-forest,2020-05-19,4,3117,128.32852101379532
angeles-forest,2020-05-20,4,3117,128.32852101379532
angeles-forest,2020-05-21,5,3117,160.41065126724416
angeles-forest,2020-05-22,5,3117,160.41065126724416
angeles-forest,2020-05-23,5,3117,160.41065126724416
angeles-forest,2020-05-24,5,3117,160.41065126724416
angeles-forest,2020-05-25,6,3117,192.49278152069297
angeles-forest,2020-05-26,7,3117,224.5749117741418
angeles-forest,2020-05-27,7,3117,224.5749117741418
angeles-forest,2020-05-28,8,3117,256.65704202759065
angeles-forest,2020-05-29,8,3117,256.65704202759065
angeles-forest,2020-05-30,9,3117,288.73917228103943
angeles-forest,2020-05-31,9,3117,288.73917228103943
angeles-forest,2020-06-01,9,3117,288.73917228103943
angeles-forest,2020-06-02,9,3117,288.73917228103943
angeles-forest,2020-06-03,9,3117,288.73917228103943
angeles-forest,2020-06-04,10,3117,320.8213025344883
angeles-forest,2020-06-05,10,3117,320.8213025344883
angeles-forest,2020-06-06,10,3117,320.8213025344883
angeles-forest,2020-06-07,10,3117,320.8213025344883
angeles-forest,2020-06-08,10,3117,320.8213025344883
angeles-forest,2020-06-09,10,3117,320.8213025344883
angeles-forest,2020-06-10,10,3117,320.8213025344883
angeles-forest,2020-06-11,10,3117,320.8213025344883
angeles-forest,2020-06-12,10,3117,320.8213025344883
angeles-forest,2020-06-13,11,3117,352.9034327879371
angeles-forest,2020-06-14,11,3117,352.9034327879371
angeles-forest,2020-06-15,11,3117,352.9034327879371
angeles-forest,2020-06-16,11,3117,352.9034327879371
angeles-forest,2020-06-17,11,3117,352.9034327879371
angeles-forest,2020-06-18,11,3117,352.9034327879371
angeles-forest,2020-06-19,12,3117,384.98556304138594
angeles-forest,2020-06-20,12,3117,384.98556304138594
angeles-forest,2020-06-21,12,3117,384.98556304138594
angeles-forest,2020-06-22,12,3117,384.98556304138594
angeles-forest,2020-06-23,12,3117,384.98556304138594
angeles-forest,2020-06-24,12,3117,384.98556304138594
angeles-forest,2020-06-25,12,3117,384.98556304138594
angeles-forest,2020-06-26,12,3117,384.98556304138594
angeles-forest,2020-06-27,12,3117,384.98556304138594
angeles-forest,2020-06-28,12,3117,384.98556304138594
angeles-forest,2020-06-29,13,3117,417.0676932948348
angeles-forest,2020-06-30,13,3117,417.0676932948348
angeles-forest,2020-07-01,13,3117,417.0676932948348
angeles-forest,2020-07-02,14,3117,449.1498235482836
angeles-forest,2020-07-06,15,3117,481.2319538017324
angeles-forest,2020-07-07,16,3117,513.3140840551813
angeles-forest,2020-07-08,16,3117,513.3140840551813
angeles-forest,2020-07-09,16,3117,513.3140840551813
antelope-valley,2020-03-27,22,392606,5.603582217286541
antelope-valley,2020-03-28,25,392606,6.367707065098343
antelope-valley,2020-03-29,30,392606,7.641248478118011
antelope-valley,2020-03-30,36,392606,9.169498173741614
antelope-valley,2020-03-31,45,392606,11.461872717177016
antelope-valley,2020-04-01,50,392606,12.735414130196686
antelope-valley,2020-04-02,53,392606,13.499538978008486
antelope-valley,2020-04-03,65,392606,16.556038369255692
antelope-valley,2020-04-04,74,392606,18.848412912691096
antelope-valley,2020-04-05,88,392606,22.414328869146164
antelope-valley,2020-04-06,107,392606,27.25378623862091
antelope-valley,2020-04-07,117,392606,29.800869064660247
antelope-valley,2020-04-08,138,392606,35.149742999342855
antelope-valley,2020-04-09,138,392606,35.149742999342855
antelope-valley,2020-04-10,172,392606,43.8098246078766
antelope-valley,2020-04-11,182,392606,46.356907433915936
antelope-valley,2020-04-12,196,392606,49.92282339037101
antelope-valley,2020-04-13,197,392606,50.17753167297494
antelope-valley,2020-04-14,211,392606,53.743447629430015
antelope-valley,2020-04-15,229,392606,58.328196716300816
antelope-valley,2020-04-16,238,392606,60.620571259736224
antelope-valley,2020-04-17,260,392606,66.22415347702277
antelope-valley,2020-04-18,289,392606,73.61069367253684
antelope-valley,2020-04-19,297,392606,75.64835993336831
antelope-valley,2020-04-20,356,392606,90.6761486070004
antelope-valley,2020-04-21,469,392606,119.45818454124492
antelope-valley,2020-04-22,536,392606,136.52363947570848
antelope-valley,2020-04-23,586,392606,149.25905360590517
antelope-valley,2020-04-24,621,392606,158.17384349704284
antelope-valley,2020-04-25,671,392606,170.90925762723953
antelope-valley,2020-04-26,686,392606,174.72988186629854
antelope-valley,2020-04-27,732,392606,186.4464628660795
antelope-valley,2020-04-28,741,392606,188.73883740951487
antelope-valley,2020-04-29,776,392606,197.65362730065254
antelope-valley,2020-04-30,776,392606,197.65362730065254
antelope-valley,2020-05-01,830,392606,211.40787456126498
antelope-valley,2020-05-02,841,392606,214.20966566990828
antelope-valley,2020-05-03,874,392606,222.6150389958381
antelope-valley,2020-05-04,885,392606,225.4168301044813
antelope-valley,2020-05-05,929,392606,236.6239945390544
antelope-valley,2020-05-06,960,392606,244.51995129977635
antelope-valley,2020-05-07,983,392606,250.37824179966685
antelope-valley,2020-05-08,996,392606,253.68944947351798
antelope-valley,2020-05-09,1018,392606,259.2930316908045
antelope-valley,2020-05-10,1024,392606,260.8212813864281
antelope-valley,2020-05-11,1039,392606,264.6419056254871
antelope-valley,2020-05-12,1049,392606,267.1889884515265
antelope-valley,2020-05-13,1091,392606,277.8867363208917
antelope-valley,2020-05-14,1112,392606,283.2356102555743
antelope-valley,2020-05-15,1112,392606,283.2356102555743
antelope-valley,2020-05-16,1154,392606,293.9333581249395
antelope-valley,2020-05-17,1173,392606,298.77281549441426
antelope-valley,2020-05-18,1194,392606,304.1216894290969
antelope-valley,2020-05-19,1212,392606,308.7064385159677
antelope-valley,2020-05-20,1212,392606,308.7064385159677
antelope-valley,2020-05-21,1248,392606,317.87593668970925
antelope-valley,2020-05-22,1261,392606,321.18714436356044
antelope-valley,2020-05-23,1301,392606,331.37547566771775
antelope-valley,2020-05-24,1322,392606,336.72434960240037
antelope-valley,2020-05-25,1349,392606,343.6014732327066
antelope-valley,2020-05-26,1382,392606,352.0068465586364
antelope-valley,2020-05-27,1398,392606,356.08217908029934
antelope-valley,2020-05-28,1415,392606,360.41221988456624
antelope-valley,2020-05-29,1468,392606,373.9117588625747
antelope-valley,2020-05-30,1497,392606,381.2982990580888
antelope-valley,2020-05-31,1539,392606,391.99604692745396
antelope-valley,2020-06-01,1562,392606,397.8543374273445
antelope-valley,2020-06-02,1587,392606,404.2220444924428
antelope-valley,2020-06-03,1610,392606,410.08033499233323
antelope-valley,2020-06-04,1635,392606,416.4480420574317
antelope-valley,2020-06-05,1652,392606,420.7780828616985
antelope-valley,2020-06-06,1672,392606,425.87224851377715
antelope-valley,2020-06-07,1683,392606,428.6740396224204
antelope-valley,2020-06-08,1703,392606,433.7682052744991
antelope-valley,2020-06-09,1734,392606,441.664162035221
antelope-valley,2020-06-10,1754,392606,446.75832768729975
antelope-valley,2020-06-11,1792,392606,456.4372424262492
antelope-valley,2020-06-12,1826,392606,465.09732403478296
antelope-valley,2020-06-13,1866,392606,475.28565533894033
antelope-valley,2020-06-14,1897,392606,483.18161209966223
antelope-valley,2020-06-15,1940,392606,494.1340682516314
antelope-valley,2020-06-16,1966,392606,500.7564835993337
antelope-valley,2020-06-17,2013,392606,512.7277728817186
antelope-valley,2020-06-18,2040,392606,519.6048965120248
antelope-valley,2020-06-19,2072,392606,527.7555615553506
antelope-valley,2020-06-20,2112,392606,537.9438928595081
antelope-valley,2020-06-21,2138,392606,544.5663082072102
antelope-valley,2020-06-22,2183,392606,556.0281809243872
antelope-valley,2020-06-23,2329,392606,593.2155901845616
antelope-valley,2020-06-24,2358,392606,600.6021303800758
antelope-valley,2020-06-25,2400,392606,611.2998782494409
antelope-valley,2020-06-26,2440,392606,621.4882095535983
antelope-valley,2020-06-27,2529,392606,644.1572467053484
antelope-valley,2020-06-28,2593,392606,660.4585767920001
antelope-valley,2020-06-29,2653,392606,675.7410737482362
antelope-valley,2020-06-30,2726,392606,694.3347783783232
antelope-valley,2020-07-01,2778,392606,707.5796090737279
antelope-valley,2020-07-02,2835,392606,722.0979811821521
antelope-valley,2020-07-06,3145,392606,801.0575487893716
antelope-valley,2020-07-07,3215,392606,818.8871285716468
antelope-valley,2020-07-08,3277,392606,834.6790420930907
antelope-valley,2020-07-09,3342,392606,851.2350804623466
central-la,2020-03-27,242,899384,26.907305444615428
central-la,2020-03-28,285,899384,31.68835558560081
central-la,2020-03-29,331,899384,36.80296736432936
central-la,2020-03-30,390,899384,43.36301290661164
central-la,2020-03-31,457,899384,50.81255614954235
central-la,2020-04-01,532,899384,59.15159709312151
central-la,2020-04-02,587,899384,65.26689378507956
central-la,2020-04-03,678,899384,75.38493012995562
central-la,2020-04-04,755,899384,83.94634549869689
central-la,2020-04-05,846,899384,94.06438184357293
central-la,2020-04-06,898,899384,99.84611689778781
central-la,2020-04-07,971,899384,107.96278341620487
central-la,2020-04-08,1043,899384,115.96826272204086
central-la,2020-04-09,1043,899384,115.96826272204086
central-la,2020-04-10,1177,899384,130.8673492079023
central-la,2020-04-11,1232,899384,136.98264589986033
central-la,2020-04-12,1257,899384,139.76232621438675
central-la,2020-04-13,1290,899384,143.43150422956157
central-la,2020-04-14,1358,899384,150.99223468507333
central-la,2020-04-15,1415,899384,157.32990580219348
central-la,2020-04-16,1466,899384,163.00045364382734
central-la,2020-04-17,1526,899384,169.67168639869067
central-la,2020-04-18,1623,899384,180.45684601905302
central-la,2020-04-19,1665,899384,185.1267089474574
central-la,2020-04-20,1828,899384,203.2502245981694
central-la,2020-04-21,2015,899384,224.0422333508268
central-la,2020-04-22,2162,899384,240.38675360024197
central-la,2020-04-23,2264,899384,251.7278492835096
central-la,2020-04-24,2360,899384,262.40182169129093
central-la,2020-04-25,2413,899384,268.2947439580869
central-la,2020-04-26,2463,899384,273.8541045871396
central-la,2020-04-27,2546,899384,283.08264323136723
central-la,2020-04-28,2614,899384,290.64337368687904
central-la,2020-04-29,2733,899384,303.8746519840246
central-la,2020-04-30,2733,899384,303.8746519840246
central-la,2020-05-01,2966,899384,329.78127251541054
central-la,2020-05-02,3047,899384,338.78743673447605
central-la,2020-05-03,3116,899384,346.45935440256886
central-la,2020-05-04,3174,899384,352.9082127322701
central-la,2020-05-05,3346,899384,372.03241329621164
central-la,2020-05-06,3464,899384,385.1525043807762
central-la,2020-05-07,3554,899384,395.1593535130712
central-la,2020-05-08,3669,899384,407.9458829598925
central-la,2020-05-09,3753,899384,417.2856088167012
central-la,2020-05-10,3811,899384,423.7344671464025
central-la,2020-05-11,3871,899384,430.4056999012658
central-la,2020-05-12,4029,899384,447.9732794890725
central-la,2020-05-13,4182,899384,464.98492301397397
central-la,2020-05-14,4286,899384,476.5483931224038
central-la,2020-05-15,4286,899384,476.5483931224038
central-la,2020-05-16,4521,899384,502.6773880789519
central-la,2020-05-17,4579,899384,509.12624640865306
central-la,2020-05-18,4621,899384,513.7961093370574
central-la,2020-05-19,4749,899384,528.0280725474324
central-la,2020-05-20,4749,899384,528.0280725474324
central-la,2020-05-21,5022,899384,558.3821815820606
central-la,2020-05-22,5117,899384,568.9449667772609
central-la,2020-05-23,5221,899384,580.5084368856906
central-la,2020-05-24,5297,899384,588.9586650418508
central-la,2020-05-25,5432,899384,603.9689387402933
central-la,2020-05-26,5613,899384,624.0938242174644
central-la,2020-05-27,5728,899384,636.8803536642857
central-la,2020-05-28,5813,899384,646.3312667336755
central-la,2020-05-29,5919,899384,658.1171112672673
central-la,2020-05-30,6115,899384,679.9098049331542
central-la,2020-05-31,6268,899384,696.9214484580558
central-la,2020-06-01,6330,899384,703.8150556380812
central-la,2020-06-02,6426,899384,714.4890280458625
central-la,2020-06-03,6499,899384,722.6056945642796
central-la,2020-06-04,6660,899384,740.5068357898296
central-la,2020-06-05,6927,899384,770.1938215489713
central-la,2020-06-06,7155,899384,795.544506017452
central-la,2020-06-07,7369,899384,819.3385695097978
central-la,2020-06-08,7448,899384,828.1223593037013
central-la,2020-06-09,7523,899384,836.4614002472804
central-la,2020-06-10,7520,899384,836.1278386095372
central-la,2020-06-11,7628,899384,848.1360575682911
central-la,2020-06-12,7677,899384,853.5842309847628
central-la,2020-06-13,7776,899384,864.5917650302873
central-la,2020-06-14,7847,899384,872.4860571235423
central-la,2020-06-15,7889,899384,877.1559200519467
central-la,2020-06-16,7983,899384,887.6075180345659
central-la,2020-06-17,8274,899384,919.9629968956531
central-la,2020-06-18,8330,899384,926.1894808001922
central-la,2020-06-19,8444,899384,938.8648230344324
central-la,2020-06-20,8577,899384,953.6527223077129
central-la,2020-06-21,8663,899384,963.2148225896836
central-la,2020-06-22,8957,899384,995.903863088514
central-la,2020-06-23,9128,899384,1014.9168764398744
central-la,2020-06-24,9204,899384,1023.3671045960347
central-la,2020-06-25,9381,899384,1043.0472412228814
central-la,2020-06-26,9504,899384,1056.7232683703514
central-la,2020-06-27,9653,899384,1073.2901630449287
central-la,2020-06-28,9869,899384,1097.3066009624365
central-la,2020-06-29,10125,899384,1125.7705273831866
central-la,2020-06-30,10367,899384,1152.6778328278021
central-la,2020-07-01,10505,899384,1168.021668163988
central-la,2020-07-02,10666,899384,1185.9228093895376
central-la,2020-07-06,11399,899384,1267.4230362114513
central-la,2020-07-07,11725,899384,1303.6700675128754
central-la,2020-07-08,11863,899384,1319.0139028490612
central-la,2020-07-09,11954,899384,1329.1319391939373
eastside,2020-03-27,15,289987,5.172645670323153
eastside,2020-03-28,18,289987,6.207174804387782
eastside,2020-03-29,24,289987,8.276233072517044
eastside,2020-03-30,27,289987,9.310762206581675
eastside,2020-03-31,32,289987,11.034977430022726
eastside,2020-04-01,40,289987,13.793721787528407
eastside,2020-04-02,58,289987,20.00089659191619
eastside,2020-04-03,74,289987,25.518385306927552
eastside,2020-04-04,103,289987,35.51883360288565
eastside,2020-04-05,110,289987,37.93273491570312
eastside,2020-04-06,123,289987,42.41569449664985
eastside,2020-04-07,133,289987,45.86412494353195
eastside,2020-04-08,149,289987,51.381613658543316
eastside,2020-04-09,149,289987,51.381613658543316
eastside,2020-04-10,178,289987,61.38206195450141
eastside,2020-04-11,192,289987,66.20986458013635
eastside,2020-04-12,201,289987,69.31345198233025
eastside,2020-04-13,208,289987,71.72735329514772
eastside,2020-04-14,225,289987,77.5896850548473
eastside,2020-04-15,236,289987,81.3829585464176
eastside,2020-04-16,250,289987,86.21076117205254
eastside,2020-04-17,256,289987,88.27981944018181
eastside,2020-04-18,273,289987,94.14215119988137
eastside,2020-04-19,283,289987,97.59058164676347
eastside,2020-04-20,349,289987,120.35022259618536
eastside,2020-04-21,418,289987,144.14439267967185
eastside,2020-04-22,470,289987,162.0762310034588
eastside,2020-04-23,525,289987,181.04259846131035
eastside,2020-04-24,571,289987,196.90537851696797
eastside,2020-04-25,595,289987,205.18161158948502
eastside,2020-04-26,600,289987,206.90582681292608
eastside,2020-04-27,655,289987,225.87219427077764
eastside,2020-04-28,675,289987,232.76905516454184
eastside,2020-04-29,716,289987,246.90761999675848
eastside,2020-04-30,716,289987,246.90761999675848
eastside,2020-05-01,779,289987,268.6327318121157
eastside,2020-05-02,801,289987,276.21927879525634
eastside,2020-05-03,852,289987,293.8062740743551
eastside,2020-05-04,863,289987,297.5995475659254
eastside,2020-05-05,923,289987,318.290130247218
eastside,2020-05-06,948,289987,326.91120636442326
eastside,2020-05-07,977,289987,336.9116546603813
eastside,2020-05-08,1012,289987,348.9811612244687
eastside,2020-05-09,1056,289987,364.1542551907499
eastside,2020-05-10,1071,289987,369.3269008610731
eastside,2020-05-11,1092,289987,376.5686047995255
eastside,2020-05-12,1120,289987,386.22421005079536
eastside,2020-05-13,1162,289987,400.7076179277002
eastside,2020-05-14,1192,289987,411.0529092683465
eastside,2020-05-15,1192,289987,411.0529092683465
eastside,2020-05-16,1262,289987,435.1919223965212
eastside,2020-05-17,1283,289987,442.4336263349736
eastside,2020-05-18,1294,289987,446.2268998265439
eastside,2020-05-19,1374,289987,473.81434340160075
eastside,2020-05-20,1374,289987,473.81434340160075
eastside,2020-05-21,1499,289987,516.919723987627
eastside,2020-05-22,1533,289987,528.6443875070262
eastside,2020-05-23,1596,289987,550.3694993223834
eastside,2020-05-24,1643,289987,566.5771224227293
eastside,2020-05-25,1694,289987,584.164117701828
eastside,2020-05-26,1842,289987,635.2008883156831
eastside,2020-05-27,1873,289987,645.8910227010176
eastside,2020-05-28,1920,289987,662.0986458013635
eastside,2020-05-29,2104,289987,725.5497660239943
eastside,2020-05-30,2269,289987,782.4488683975488
eastside,2020-05-31,2337,289987,805.8981954363471
eastside,2020-06-01,2377,289987,819.6919172238755
eastside,2020-06-02,2435,289987,839.6928138157917
eastside,2020-06-03,2472,289987,852.4520064692556
eastside,2020-06-04,2566,289987,884.8672526699472
eastside,2020-06-05,2645,289987,912.1098532003158
eastside,2020-06-06,2733,289987,942.4560411328783
eastside,2020-06-07,2811,289987,969.3537986185588
eastside,2020-06-08,2863,289987,987.2856369423456
eastside,2020-06-09,2915,289987,1005.2174752661326
eastside,2020-06-10,2987,289987,1030.046174483684
eastside,2020-06-11,3140,289987,1082.80716032098
eastside,2020-06-12,3274,289987,1129.0161283092002
eastside,2020-06-13,3381,289987,1165.9143340908386
eastside,2020-06-14,3465,289987,1194.8811498446482
eastside,2020-06-15,3519,289987,1213.5026742578116
eastside,2020-06-16,3634,289987,1253.1596243969557
eastside,2020-06-17,3799,289987,1310.0587267705102
eastside,2020-06-18,3832,289987,1321.4385472452213
eastside,2020-06-19,3921,289987,1352.129578222472
eastside,2020-06-20,4012,289987,1383.5102952890993
eastside,2020-06-21,4111,289987,1417.649756713232
eastside,2020-06-22,4317,289987,1488.687423919003
eastside,2020-06-23,4419,289987,1523.8614144772007
eastside,2020-06-24,4472,289987,1542.138095845676
eastside,2020-06-25,4572,289987,1576.6224003144969
eastside,2020-06-26,4675,289987,1612.1412339173826
eastside,2020-06-27,4785,289987,1650.0739688330855
eastside,2020-06-28,4923,289987,1697.6623090000587
eastside,2020-06-29,5077,289987,1750.768137882043
eastside,2020-06-30,5213,289987,1797.6667919596398
eastside,2020-07-01,5270,289987,1817.3228455068677
eastside,2020-07-02,5411,289987,1865.9457148079052
eastside,2020-07-06,5820,289987,2006.9865200853833
eastside,2020-07-07,6058,289987,2089.0591647211772
eastside,2020-07-08,6128,289987,2113.198177849352
eastside,2020-07-09,6186,289987,2133.199074441268
harbor,2020-03-27,122,908451,13.42945299196104
harbor,2020-03-28,152,908451,16.73177749818097
harbor,2020-03-29,172,908451,18.933327168994253
harbor,2020-03-30,193,908451,21.244954323348203
harbor,2020-03-31,237,908451,26.08836359913743
harbor,2020-04-01,255,908451,28.06975830286939
harbor,2020-04-02,277,908451,30.491462940764002
harbor,2020-04-03,342,908451,37.64649937090718
harbor,2020-04-04,390,908451,42.93021858085907
harbor,2020-04-05,427,908451,47.00308547186364
harbor,2020-04-06,467,908451,51.40618481349021
harbor,2020-04-07,505,908451,55.589129188035464
harbor,2020-04-08,554,908451,60.982925881528004
harbor,2020-04-09,572,908451,62.96432058525997
harbor,2020-04-10,622,908451,68.46819476229318
harbor,2020-04-11,654,908451,71.99067423559444
harbor,2020-04-12,670,908451,73.75191397224506
harbor,2020-04-13,692,908451,76.17361861013968
harbor,2020-04-14,721,908451,79.36586563281894
harbor,2020-04-15,756,908451,83.21857755674219
harbor,2020-04-16,768,908451,84.53950735923016
harbor,2020-04-17,830,908451,91.36431133875135
harbor,2020-04-18,859,908451,94.5565583614306
harbor,2020-04-19,902,908451,99.28989015367917
harbor,2020-04-20,955,908451,105.12399678133438
harbor,2020-04-21,1017,908451,111.94880076085556
harbor,2020-04-22,1075,908451,118.3332948062141
harbor,2020-04-23,1145,908451,126.03871865406059
harbor,2020-04-24,1181,908451,130.0015080615245
harbor,2020-04-25,1244,908451,136.93638952458636
harbor,2020-04-26,1273,908451,140.12863654726561
harbor,2020-04-27,1309,908451,144.09142595472952
harbor,2020-04-28,1366,908451,150.3658425165474
harbor,2020-04-29,1505,908451,165.66661272869973
harbor,2020-04-30,1543,908451,169.849557103245
harbor,2020-05-01,1880,908451,206.94566905644882
harbor,2020-05-02,1938,908451,213.33016310180736
harbor,2020-05-03,2023,908451,222.68674920276382
harbor,2020-05-04,2049,908451,225.5487637748211
harbor,2020-05-05,2111,908451,232.37356775434228
harbor,2020-05-06,2147,908451,236.33635716180618
harbor,2020-05-07,2255,908451,248.22472538419794
harbor,2020-05-08,2292,908451,252.2975922752025
harbor,2020-05-09,2382,908451,262.2045657938623
harbor,2020-05-10,2439,908451,268.47898235568016
harbor,2020-05-11,2487,908451,273.762701565632
harbor,2020-05-12,2569,908451,282.7890552159665
harbor,2020-05-13,2720,908451,299.4107552306068
harbor,2020-05-14,2816,908451,309.9781936505106
harbor,2020-05-15,2873,908451,316.2526102123285
harbor,2020-05-16,2990,908451,329.1316757865862
harbor,2020-05-17,3050,908451,335.736324799026
harbor,2020-05-18,3067,908451,337.60764201921734
harbor,2020-05-19,3149,908451,346.63399566955184
harbor,2020-05-20,3187,908451,350.81694004409707
harbor,2020-05-21,3333,908451,366.888252641034
harbor,2020-05-22,3372,908451,371.1812744991199
harbor,2020-05-23,3453,908451,380.09755066591373
harbor,2020-05-24,3511,908451,386.4820447112723
harbor,2020-05-25,3563,908451,392.2060738553868
harbor,2020-05-26,3657,908451,402.5533573082093
harbor,2020-05-27,3765,908451,414.441725530601
harbor,2020-05-28,3874,908451,426.44017123653344
harbor,2020-05-29,4042,908451,444.93318847136493
harbor,2020-05-30,4194,908451,461.6649659695459
harbor,2020-05-31,4230,908451,465.62775537700986
harbor,2020-06-01,4322,908451,475.754883862751
harbor,2020-06-02,4465,908451,491.49596400906603
harbor,2020-06-03,4535,908451,499.20138785691245
harbor,2020-06-04,4611,908451,507.56727660600296
harbor,2020-06-05,4659,908451,512.8509958159548
harbor,2020-06-06,4755,908451,523.4184342358586
harbor,2020-06-07,4827,908451,531.3440130507864
harbor,2020-06-08,4912,908451,540.700599151743
harbor,2020-06-09,5076,908451,558.7533064524118
harbor,2020-06-10,5164,908451,568.4401250039904
harbor,2020-06-11,5298,908451,583.1905077984393
harbor,2020-06-12,5395,908451,593.8680237018838
harbor,2020-06-13,5482,908451,603.4447647699216
harbor,2020-06-14,5535,908451,609.2788713975767
harbor,2020-06-15,5594,908451,615.773442926476
harbor,2020-06-16,5712,908451,628.7625859842743
harbor,2020-06-17,5839,908451,642.7424263939387
harbor,2020-06-18,5990,908451,659.364126408579
harbor,2020-06-19,6084,908451,669.7114098614014
harbor,2020-06-20,6184,908451,680.7191582154678
harbor,2020-06-21,6233,908451,686.1129549089604
harbor,2020-06-22,6360,908451,700.0927953186248
harbor,2020-06-23,6692,908451,736.6385198541253
harbor,2020-06-24,6881,908451,757.4431642433109
harbor,2020-06-25,7051,908451,776.1563364452238
harbor,2020-06-26,7231,908451,795.9702834825433
harbor,2020-06-27,7291,908451,802.5749324949832
harbor,2020-06-28,7398,908451,814.3532232338343
harbor,2020-06-29,7631,908451,840.001276898809
harbor,2020-06-30,8050,908451,886.1237425023475
harbor,2020-07-01,8258,908451,909.0198590788057
harbor,2020-07-02,8453,908451,930.4849683692352
harbor,2020-07-06,8770,908451,965.3795306516256
harbor,2020-07-07,9197,908451,1012.3826161234892
harbor,2020-07-08,9540,908451,1050.1391929779372
harbor,2020-07-09,9844,908451,1083.602747974299
northeast-la,2020-03-27,13,158395,8.207329776823764
northeast-la,2020-03-28,21,158395,13.257994254869157
northeast-la,2020-03-29,23,158395,14.520660374380505
northeast-la,2020-03-30,25,158395,15.783326493891852
northeast-la,2020-03-31,30,158395,18.939991792670224
northeast-la,2020-04-01,36,158395,22.727990151204267
northeast-la,2020-04-02,41,158395,25.88465544998264
northeast-la,2020-04-03,53,158395,33.46065216705073
northeast-la,2020-04-04,69,158395,43.561981123141514
northeast-la,2020-04-05,84,158395,53.03197701947663
northeast-la,2020-04-06,92,158395,58.08264149752202
northeast-la,2020-04-07,104,158395,65.65863821459011
northeast-la,2020-04-08,117,158395,73.86596799141387
northeast-la,2020-04-09,117,158395,73.86596799141387
northeast-la,2020-04-10,133,158395,83.96729694750465
northeast-la,2020-04-11,140,158395,88.38662836579438
northeast-la,2020-04-12,144,158395,90.91196060481707
northeast-la,2020-04-13,150,158395,94.69995896335112
northeast-la,2020-04-14,170,158395,107.32662015846459
northeast-la,2020-04-15,177,158395,111.74595157675432
northeast-la,2020-04-16,181,158395,114.27128381577701
northeast-la,2020-04-17,189,158395,119.3219482938224
northeast-la,2020-04-18,198,158395,125.00394583162347
northeast-la,2020-04-19,199,158395,125.63527889137916
northeast-la,2020-04-20,227,158395,143.31260456453802
northeast-la,2020-04-21,244,158395,154.0452665803845
northeast-la,2020-04-22,269,158395,169.82859307427634
northeast-la,2020-04-23,276,158395,174.24792449256606
northeast-la,2020-04-24,287,158395,181.19258814987845
northeast-la,2020-04-25,295,158395,186.24325262792385
northeast-la,2020-04-26,302,158395,190.66258404621357
northeast-la,2020-04-27,311,158395,196.34458158401466
northeast-la,2020-04-28,320,158395,202.02657912181573
northeast-la,2020-04-29,336,158395,212.1279080779065
northeast-la,2020-04-30,336,158395,212.1279080779065
northeast-la,2020-05-01,375,158395,236.7498974083778
northeast-la,2020-05-02,385,158395,243.06322800593455
northeast-la,2020-05-03,384,158395,242.43189494617886
northeast-la,2020-05-04,388,158395,244.95722718520153
northeast-la,2020-05-05,409,158395,258.2152214400707
northeast-la,2020-05-06,421,158395,265.79121815713876
northeast-la,2020-05-07,430,158395,271.4732156949398
northeast-la,2020-05-08,440,158395,277.7865462924966
northeast-la,2020-05-09,458,158395,289.15054136809874
northeast-la,2020-05-10,465,158395,293.5698727863885
northeast-la,2020-05-11,470,158395,296.7265380851668
northeast-la,2020-05-12,493,158395,311.2471984595473
northeast-la,2020-05-13,515,158395,325.1365257741722
northeast-la,2020-05-14,524,158395,330.8185233119732
northeast-la,2020-05-15,524,158395,330.8185233119732
northeast-la,2020-05-16,539,158395,340.28851920830834
northeast-la,2020-05-17,546,158395,344.7078506265981
northeast-la,2020-05-18,550,158395,347.23318286562073
northeast-la,2020-05-19,566,158395,357.33451182171154
northeast-la,2020-05-20,566,158395,357.33451182171154
northeast-la,2020-05-21,590,158395,372.4865052558477
northeast-la,2020-05-22,603,158395,380.6938350326715
northeast-la,2020-05-23,617,158395,389.53249786925096
northeast-la,2020-05-24,625,158395,394.5831623472963
northeast-la,2020-05-25,639,158395,403.42182518387574
northeast-la,2020-05-26,674,158395,425.51848227532435
northeast-la,2020-05-27,688,158395,434.3571451119038
northeast-la,2020-05-28,700,158395,441.93314182897194
northeast-la,2020-05-29,712,158395,449.50913854603994
northeast-la,2020-05-30,727,158395,458.9791344423751
northeast-la,2020-05-31,733,158395,462.7671328009091
northeast-la,2020-06-01,742,158395,468.4491303387102
northeast-la,2020-06-02,746,158395,470.9744625777328
northeast-la,2020-06-03,755,158395,476.6564601155339
northeast-la,2020-06-04,768,158395,484.8637898923577
northeast-la,2020-06-05,781,158395,493.0711196691815
northeast-la,2020-06-06,783,158395,494.3337857886928
northeast-la,2020-06-07,807,158395,509.485779222829
northeast-la,2020-06-08,827,158395,522.1124404179425
northeast-la,2020-06-09,840,158395,530.3197701947662
northeast-la,2020-06-10,856,158395,540.421099150857
northeast-la,2020-06-11,898,158395,566.9370876605954
northeast-la,2020-06-12,910,158395,574.5130843776635
northeast-la,2020-06-13,938,158395,592.1904100508223
northeast-la,2020-06-14,966,158395,609.8677357239811
northeast-la,2020-06-15,978,158395,617.4437324410493
northeast-la,2020-06-16,995,158395,628.1763944568957
northeast-la,2020-06-17,1022,158395,645.222387070299
northeast-la,2020-06-18,1030,158395,650.2730515483444
northeast-la,2020-06-19,1050,158395,662.8997127434578
northeast-la,2020-06-20,1078,158395,680.5770384166167
northeast-la,2020-06-21,1087,158395,686.2590359544178
northeast-la,2020-06-22,1144,158395,722.2450203604911
northeast-la,2020-06-23,1169,158395,738.028346854383
northeast-la,2020-06-24,1179,158395,744.3416774519397
northeast-la,2020-06-25,1205,158395,760.7563370055873
northeast-la,2020-06-26,1236,158395,780.3276618580132
northeast-la,2020-06-27,1272,158395,803.0556520092175
northeast-la,2020-06-28,1294,158395,816.9449793238423
northeast-la,2020-06-29,1330,158395,839.6729694750466
northeast-la,2020-06-30,1358,158395,857.3502951482055
northeast-la,2020-07-01,1376,158395,868.7142902238076
northeast-la,2020-07-02,1406,158395,887.6542820164777
northeast-la,2020-07-06,1479,158395,933.7415953786419
northeast-la,2020-07-07,1531,158395,966.5709144859371
northeast-la,2020-07-08,1541,158395,972.8842450834939
northeast-la,2020-07-09,1564,158395,987.4049054578744
northwest-county,2020-03-27,27,290758,9.286072954140558
northwest-county,2020-03-28,36,290758,12.381430605520741
northwest-county,2020-03-29,42,290758,14.445002373107533
northwest-county,2020-03-30,44,290758,15.132859628969795
northwest-county,2020-03-31,51,290758,17.54036002448772
northwest-county,2020-04-01,53,290758,18.22821728034998
northwest-county,2020-04-02,74,290758,25.45071846690375
northwest-county,2020-04-03,93,290758,31.98536239759525
northwest-county,2020-04-04,108,290758,37.14429181656223
northwest-county,2020-04-05,122,290758,41.95929260759807
northwest-county,2020-04-06,128,290758,44.02286437518486
northwest-county,2020-04-07,135,290758,46.43036477070278
northwest-county,2020-04-08,149,290758,51.24536556173863
northwest-county,2020-04-09,149,290758,51.24536556173863
northwest-county,2020-04-10,161,290758,55.37250909691221
northwest-county,2020-04-11,168,290758,57.78000949243013
northwest-county,2020-04-12,177,290758,60.87536714381032
northwest-county,2020-04-13,184,290758,63.282867539328244
northwest-county,2020-04-14,191,290758,65.69036793484617
northwest-county,2020-04-15,200,290758,68.78572558622635
northwest-county,2020-04-16,213,290758,73.25679774933106
northwest-county,2020-04-17,224,290758,77.04001265657351
northwest-county,2020-04-18,234,290758,80.47929893588483
northwest-county,2020-04-19,239,290758,82.19894207554049
northwest-county,2020-04-20,262,290758,90.10930051795651
northwest-county,2020-04-21,292,290758,100.42715935589047
northwest-county,2020-04-22,326,290758,112.12073270554895
northwest-county,2020-04-23,336,290758,115.56001898486026
northwest-county,2020-04-24,351,290758,120.71894840382724
northwest-county,2020-04-25,374,290758,128.62930684624328
northwest-county,2020-04-26,379,290758,130.3489499858989
northwest-county,2020-04-27,426,290758,146.5135954986621
northwest-county,2020-04-28,434,290758,149.26502452211116
northwest-county,2020-04-29,462,290758,158.89502610418285
northwest-county,2020-04-30,462,290758,158.89502610418285
northwest-county,2020-05-01,492,290758,169.21288494211683
northwest-county,2020-05-02,503,290758,172.99609984935927
northwest-county,2020-05-03,543,290758,186.75324496660454
northwest-county,2020-05-04,576,290758,198.10288968833186
northwest-county,2020-05-05,608,290758,209.1086057821281
northwest-county,2020-05-06,636,290758,218.7386073641998
northwest-county,2020-05-07,667,290758,229.40039483006487
northwest-county,2020-05-08,694,290758,238.6864677842054
northwest-county,2020-05-09,719,290758,247.28468348248373
northwest-county,2020-05-10,727,290758,250.03611250593278
northwest-county,2020-05-11,740,290758,254.50718466903749
northwest-county,2020-05-12,790,290758,271.7036160655941
northwest-county,2020-05-13,844,290758,290.2757619738752
northwest-county,2020-05-14,888,290758,305.40862160284496
northwest-county,2020-05-15,888,290758,305.40862160284496
northwest-county,2020-05-16,935,290758,321.5732671156082
northwest-county,2020-05-17,949,290758,326.38826790664405
northwest-county,2020-05-18,953,290758,327.7639824183685
northwest-county,2020-05-19,969,290758,333.2668404652666
northwest-county,2020-05-20,969,290758,333.2668404652666
northwest-county,2020-05-21,1011,290758,347.71184283837414
northwest-county,2020-05-22,1025,290758,352.52684362941
northwest-county,2020-05-23,1054,290758,362.50077383941283
northwest-county,2020-05-24,1071,290758,368.3475605142421
northwest-county,2020-05-25,1104,290758,379.6972052359694
northwest-county,2020-05-26,1125,290758,386.9197064225232
northwest-county,2020-05-27,1138,290758,391.39077858562786
northwest-county,2020-05-28,1174,290758,403.7722091911487
northwest-county,2020-05-29,1296,290758,445.7315017987467
northwest-county,2020-05-30,1448,290758,498.0086532442788
northwest-county,2020-05-31,1537,290758,528.6183011301495
northwest-county,2020-06-01,1592,290758,547.5343756663617
northwest-county,2020-06-02,1671,290758,574.7047372729211
northwest-county,2020-06-03,1747,290758,600.8433129956871
northwest-county,2020-06-04,1864,290758,641.0829624636295
northwest-county,2020-06-05,1995,290758,686.1376127226079
northwest-county,2020-06-06,2089,290758,718.4669037481342
northwest-county,2020-06-07,2191,290758,753.5476237971096
northwest-county,2020-06-08,2218,290758,762.8336967512502
northwest-county,2020-06-09,2343,290758,805.8247752426417
northwest-county,2020-06-10,2479,290758,852.5990686412755
northwest-county,2020-06-11,2641,290758,908.3155063661188
northwest-county,2020-06-12,2715,290758,933.7662248330226
northwest-county,2020-06-13,2742,290758,943.0522977871633
northwest-county,2020-06-14,2745,290758,944.0840836709565
northwest-county,2020-06-15,2747,290758,944.771940926819
northwest-county,2020-06-16,2767,290758,951.6505134854416
northwest-county,2020-06-17,2780,290758,956.1215856485462
northwest-county,2020-06-18,2795,290758,961.2805150675132
northwest-county,2020-06-19,2807,290758,965.4076586026866
northwest-county,2020-06-20,2825,290758,971.5983739054471
northwest-county,2020-06-21,2838,290758,976.0694460685518
northwest-county,2020-06-22,2848,290758,979.5087323478632
northwest-county,2020-06-23,2884,290758,991.8901629533839
northwest-county,2020-06-24,2895,290758,995.6733778606264
northwest-county,2020-06-25,2960,290758,1018.0287386761499
northwest-county,2020-06-26,2986,290758,1026.9708830023594
northwest-county,2020-06-27,3023,290758,1039.6962422358113
northwest-county,2020-06-28,3064,290758,1053.7973159809876
northwest-county,2020-06-29,3117,290758,1072.0255332613376
northwest-county,2020-06-30,3165,290758,1088.5341074020319
northwest-county,2020-07-01,3185,290758,1095.4126799606545
northwest-county,2020-07-02,3218,290758,1106.7623246823819
northwest-county,2020-07-06,3349,290758,1151.8169749413603
northwest-county,2020-07-07,3400,290758,1169.3573349658477
northwest-county,2020-07-08,3441,290758,1183.4584087110243
northwest-county,2020-07-09,3472,290758,1194.1201961768893
pomona-valley,2020-03-27,6,230377,2.6044266571749786
pomona-valley,2020-03-28,6,230377,2.6044266571749786
pomona-valley,2020-03-29,6,230377,2.6044266571749786
pomona-valley,2020-03-30,8,230377,3.4725688762333045
pomona-valley,2020-03-31,14,230377,6.076995533408283
pomona-valley,2020-04-01,18,230377,7.813279971524935
pomona-valley,2020-04-02,20,230377,8.681422190583262
pomona-valley,2020-04-03,28,230377,12.153991066816566
pomona-valley,2020-04-04,31,230377,13.456204395404054
pomona-valley,2020-04-05,36,230377,15.62655994304987
pomona-valley,2020-04-06,43,230377,18.665057709754013
pomona-valley,2020-04-07,48,230377,20.83541325739983
pomona-valley,2020-04-08,55,230377,23.87391102410397
pomona-valley,2020-04-09,55,230377,23.87391102410397
pomona-valley,2020-04-10,63,230377,27.346479900337275
pomona-valley,2020-04-11,65,230377,28.2146221193956
pomona-valley,2020-04-12,68,230377,29.51683544798309
pomona-valley,2020-04-13,70,230377,30.384977667041415
pomona-valley,2020-04-14,78,230377,33.857546543274715
pomona-valley,2020-04-15,80,230377,34.72568876233305
pomona-valley,2020-04-16,85,230377,36.89604430997886
pomona-valley,2020-04-17,93,230377,40.368613186212166
pomona-valley,2020-04-18,97,230377,42.10489762432882
pomona-valley,2020-04-19,98,230377,42.53896873385798
pomona-valley,2020-04-20,110,230377,47.74782204820794
pomona-valley,2020-04-21,129,230377,55.995173129262035
pomona-valley,2020-04-22,145,230377,62.94031088172864
pomona-valley,2020-04-23,157,230377,68.1491641960786
pomona-valley,2020-04-24,164,230377,71.18766196278274
pomona-valley,2020-04-25,170,230377,73.79208861995772
pomona-valley,2020-04-26,171,230377,74.22615972948688
pomona-valley,2020-04-27,188,230377,81.60536859148266
pomona-valley,2020-04-28,190,230377,82.47351081054099
pomona-valley,2020-04-29,210,230377,91.15493300112423
pomona-valley,2020-04-30,210,230377,91.15493300112423
pomona-valley,2020-05-01,218,230377,94.62750187735755
pomona-valley,2020-05-02,224,230377,97.23192853453253
pomona-valley,2020-05-03,235,230377,102.00671073935332
pomona-valley,2020-05-04,240,230377,104.17706628699914
pomona-valley,2020-05-05,259,230377,112.42441736805324
pomona-valley,2020-05-06,268,230377,116.3310573538157
pomona-valley,2020-05-07,280,230377,121.53991066816566
pomona-valley,2020-05-08,288,230377,125.01247954439896
pomona-valley,2020-05-09,305,230377,132.39168840639474
pomona-valley,2020-05-10,311,230377,134.9961150635697
pomona-valley,2020-05-11,319,230377,138.46868393980301
pomona-valley,2020-05-12,326,230377,141.50718170650717
pomona-valley,2020-05-13,336,230377,145.8478928017988
pomona-valley,2020-05-14,341,230377,148.0182483494446
pomona-valley,2020-05-15,341,230377,148.0182483494446
pomona-valley,2020-05-16,355,230377,154.09524388285288
pomona-valley,2020-05-17,357,230377,154.96338610191123
pomona-valley,2020-05-18,364,230377,158.00188386861535
pomona-valley,2020-05-19,370,230377,160.60631052579032
pomona-valley,2020-05-20,370,230377,160.60631052579032
pomona-valley,2020-05-21,390,230377,169.2877327163736
pomona-valley,2020-05-22,401,230377,174.0625149211944
pomona-valley,2020-05-23,417,230377,181.007652673661
pomona-valley,2020-05-24,426,230377,184.91429265942347
pomona-valley,2020-05-25,442,230377,191.85943041189006
pomona-valley,2020-05-26,470,230377,204.01342147870665
pomona-valley,2020-05-27,486,230377,210.95855923117324
pomona-valley,2020-05-28,502,230377,217.9036969836399
pomona-valley,2020-05-29,522,230377,226.5851191742231
pomona-valley,2020-05-30,559,230377,242.64575022680214
pomona-valley,2020-05-31,588,230377,255.2338124031479
pomona-valley,2020-06-01,601,230377,260.876736827027
pomona-valley,2020-06-02,627,230377,272.16258567478525
pomona-valley,2020-06-03,663,230377,287.7891456178351
pomona-valley,2020-06-04,698,230377,302.98163445135583
pomona-valley,2020-06-05,718,230377,311.6630566419391
pomona-valley,2020-06-06,743,230377,322.51483438016817
pomona-valley,2020-06-07,759,230377,329.4599721326348
pomona-valley,2020-06-08,782,230377,339.4436076518055
pomona-valley,2020-06-09,809,230377,351.1635276090929
pomona-valley,2020-06-10,845,230377,366.7900875521428
pomona-valley,2020-06-11,870,230377,377.64186529037187
pomona-valley,2020-06-12,904,230377,392.40028301436337
pomona-valley,2020-06-13,923,230377,400.64763409541746
pomona-valley,2020-06-14,946,230377,410.63126961458823
pomona-valley,2020-06-15,976,230377,423.6534029004631
pomona-valley,2020-06-16,1002,230377,434.9392517482214
pomona-valley,2020-06-17,1037,230377,450.13174058174206
pomona-valley,2020-06-18,1070,230377,464.4560871962045
pomona-valley,2020-06-19,1108,230377,480.9507893583127
pomona-valley,2020-06-20,1163,230377,504.8247003824166
pomona-valley,2020-06-21,1204,230377,522.6216158731123
pomona-valley,2020-06-22,1279,230377,555.1769490877996
pomona-valley,2020-06-23,1344,230377,583.3915712071952
pomona-valley,2020-06-24,1375,230377,596.8477756025992
pomona-valley,2020-06-25,1429,230377,620.287615517174
pomona-valley,2020-06-26,1483,230377,643.7274554317488
pomona-valley,2020-06-27,1544,230377,670.2057931130278
pomona-valley,2020-06-28,1631,230377,707.969979642065
pomona-valley,2020-06-29,1690,230377,733.5801751042856
pomona-valley,2020-06-30,1760,230377,763.965152771327
pomona-valley,2020-07-01,1797,230377,780.0257838239061
pomona-valley,2020-07-02,1851,230377,803.4656237384809
pomona-valley,2020-07-06,2115,230377,918.0603966541798
pomona-valley,2020-07-07,2199,230377,954.5223698546296
pomona-valley,2020-07-08,2254,230377,978.3962808787336
pomona-valley,2020-07-09,2302,230377,999.2316941361333
san-fernando-valley,2020-03-27,186,1626168,11.437932612128636
san-fernando-valley,2020-03-28,251,1626168,15.435059600238105
san-fernando-valley,2020-03-29,303,1626168,18.63276119072568
san-fernando-valley,2020-03-30,347,1626168,21.338508690369014
san-fernando-valley,2020-03-31,415,1626168,25.520118462545078
san-fernando-valley,2020-04-01,495,1626168,30.4396593709875
san-fernando-valley,2020-04-02,577,1626168,35.48218880214098
san-fernando-valley,2020-04-03,668,1626168,41.07816658549424
san-fernando-valley,2020-04-04,812,1626168,49.9333402206906
san-fernando-valley,2020-04-05,919,1626168,56.51322618573234
san-fernando-valley,2020-04-06,993,1626168,61.063801526041594
san-fernando-valley,2020-04-07,1106,1626168,68.01265305921652
san-fernando-valley,2020-04-08,1193,1626168,73.36265379714766
san-fernando-valley,2020-04-09,1193,1626168,73.36265379714766
san-fernando-valley,2020-04-10,1346,1626168,82.77127578454379
san-fernando-valley,2020-04-11,1421,1626168,87.38334538620856
san-fernando-valley,2020-04-12,1476,1626168,90.76552976076273
san-fernando-valley,2020-04-13,1523,1626168,93.65576004447264
san-fernando-valley,2020-04-14,1620,1626168,99.62070339595908
san-fernando-valley,2020-04-15,1715,1626168,105.46265822473447
san-fernando-valley,2020-04-16,1773,1626168,109.02932538335523
san-fernando-valley,2020-04-17,1869,1626168,114.93277447348613
san-fernando-valley,2020-04-18,1985,1626168,122.06610879072765
san-fernando-valley,2020-04-19,2023,1626168,124.4028907222378
san-fernando-valley,2020-04-20,2270,1626168,139.5919732770538
san-fernando-valley,2020-04-21,2589,1626168,159.20864264946795
san-fernando-valley,2020-04-22,2888,1626168,177.59542679477153
san-fernando-valley,2020-04-23,3094,1626168,190.26324463401076
san-fernando-valley,2020-04-24,3283,1626168,201.88566003020597
san-fernando-valley,2020-04-25,3387,1626168,208.28106321118113
san-fernando-valley,2020-04-26,3473,1626168,213.56956968775674
san-fernando-valley,2020-04-27,3714,1626168,228.38968667443956
san-fernando-valley,2020-04-28,3825,1626168,235.2155496849034
san-fernando-valley,2020-04-29,4122,1626168,253.47934530749592
san-fernando-valley,2020-04-30,4122,1626168,253.47934530749592
san-fernando-valley,2020-05-01,4519,1626168,277.89256706564146
san-fernando-valley,2020-05-02,4650,1626168,285.9483153032159
san-fernando-valley,2020-05-03,4830,1626168,297.01728234721134
san-fernando-valley,2020-05-04,4940,1626168,303.78165109631965
san-fernando-valley,2020-05-05,5424,1626168,333.54487359239636
san-fernando-valley,2020-05-06,5565,1626168,342.21556444352615
san-fernando-valley,2020-05-07,5723,1626168,351.93165773769994
san-fernando-valley,2020-05-08,5838,1626168,359.00349779358595
san-fernando-valley,2020-05-09,6028,1626168,370.68740745113666
san-fernando-valley,2020-05-10,6085,1626168,374.1925803484019
san-fernando-valley,2020-05-11,6243,1626168,383.90867364257565
san-fernando-valley,2020-05-12,6419,1626168,394.73166364114894
san-fernando-valley,2020-05-13,6616,1626168,406.8460331281885
san-fernando-valley,2020-05-14,6823,1626168,419.5753452287832
san-fernando-valley,2020-05-15,6823,1626168,419.5753452287832
san-fernando-valley,2020-05-16,7213,1626168,443.5581071574401
san-fernando-valley,2020-05-17,7340,1626168,451.36787834959244
san-fernando-valley,2020-05-18,7452,1626168,458.2552356214118
san-fernando-valley,2020-05-19,7603,1626168,467.5408690860969
san-fernando-valley,2020-05-20,7603,1626168,467.5408690860969
san-fernando-valley,2020-05-21,7905,1626168,486.11213601546706
san-fernando-valley,2020-05-22,8072,1626168,496.3816776618406
san-fernando-valley,2020-05-23,8302,1626168,510.5253577736126
san-fernando-valley,2020-05-24,8462,1626168,520.3644395904975
san-fernando-valley,2020-05-25,8611,1626168,529.5270845324715
san-fernando-valley,2020-05-26,8809,1626168,541.7029482808664
san-fernando-valley,2020-05-27,8995,1626168,553.140880892995
san-fernando-valley,2020-05-28,9208,1626168,566.239158561723
san-fernando-valley,2020-05-29,9391,1626168,577.4926083897851
san-fernando-valley,2020-05-30,9642,1626168,592.9276679900231
san-fernando-valley,2020-05-31,9885,1626168,607.870773499417
san-fernando-valley,2020-06-01,10055,1626168,618.3247979298573
san-fernando-valley,2020-06-02,10308,1626168,633.8828460528064
san-fernando-valley,2020-06-03,10473,1626168,644.0293991764688
san-fernando-valley,2020-06-04,10623,1626168,653.2535383797983
san-fernando-valley,2020-06-05,10767,1626168,662.1087120149948
san-fernando-valley,2020-06-06,10896,1626168,670.0414717298581
san-fernando-valley,2020-06-07,11087,1626168,681.7868756487644
san-fernando-valley,2020-06-08,11249,1626168,691.7489459883604
san-fernando-valley,2020-06-09,11402,1626168,701.1575679757565
san-fernando-valley,2020-06-10,11551,1626168,710.3202129177306
san-fernando-valley,2020-06-11,11824,1626168,727.1081462677903
san-fernando-valley,2020-06-12,12028,1626168,739.6529755843185
san-fernando-valley,2020-06-13,12215,1626168,751.1524024578026
san-fernando-valley,2020-06-14,12355,1626168,759.7615990475769
san-fernando-valley,2020-06-15,12450,1626168,765.6035538763523
san-fernando-valley,2020-06-16,12591,1626168,774.274244727482
san-fernando-valley,2020-06-17,12854,1626168,790.4472354639865
san-fernando-valley,2020-06-18,13036,1626168,801.639191030693
san-fernando-valley,2020-06-19,13255,1626168,815.1064342675542
san-fernando-valley,2020-06-20,13535,1626168,832.3248274471026
san-fernando-valley,2020-06-21,13712,1626168,843.2093117070315
san-fernando-valley,2020-06-22,13974,1626168,859.3208081821805
san-fernando-valley,2020-06-23,14256,1626168,876.6621898844401
san-fernando-valley,2020-06-24,14392,1626168,885.0254094287922
san-fernando-valley,2020-06-25,14649,1626168,900.8294345971633
san-fernando-valley,2020-06-26,14921,1626168,917.5558736858677
san-fernando-valley,2020-06-27,15169,1626168,932.8064505020392
san-fernando-valley,2020-06-28,15457,1626168,950.5167977724318
san-fernando-valley,2020-06-29,15891,1626168,977.2053072007319
san-fernando-valley,2020-06-30,16149,1626168,993.0708266304588
san-fernando-valley,2020-07-01,16318,1626168,1003.4633567995435
san-fernando-valley,2020-07-02,16609,1626168,1021.3581868540027
san-fernando-valley,2020-07-06,17533,1626168,1078.1788843465129
san-fernando-valley,2020-07-07,18083,1626168,1112.0007280920545
san-fernando-valley,2020-07-08,18372,1626168,1129.7725696238026
san-fernando-valley,2020-07-09,18582,1626168,1142.686364508464
san-gabriel-valley,2020-03-27,55,1491496,3.6875727457532568
san-gabriel-valley,2020-03-28,68,1491496,4.559180849294936
san-gabriel-valley,2020-03-29,88,1491496,5.900116393205212
san-gabriel-valley,2020-03-30,93,1491496,6.23535027918278
san-gabriel-valley,2020-03-31,115,1491496,7.710379377484083
san-gabriel-valley,2020-04-01,151,1491496,10.124063356522578
san-gabriel-valley,2020-04-02,177,1491496,11.867279563605937
san-gabriel-valley,2020-04-03,200,1491496,13.409355439102752
san-gabriel-valley,2020-04-04,248,1491496,16.627600744487413
san-gabriel-valley,2020-04-05,298,1491496,19.9799396042631
san-gabriel-valley,2020-04-06,348,1491496,23.33227846403879
san-gabriel-valley,2020-04-07,382,1491496,25.61186888868626
san-gabriel-valley,2020-04-08,397,1491496,26.617570546618964
san-gabriel-valley,2020-04-09,397,1491496,26.617570546618964
san-gabriel-valley,2020-04-10,493,1491496,33.05406115738829
san-gabriel-valley,2020-04-11,543,1491496,36.406400017163975
san-gabriel-valley,2020-04-12,565,1491496,37.88142911546528
san-gabriel-valley,2020-04-13,587,1491496,39.35645821376658
san-gabriel-valley,2020-04-14,635,1491496,42.57470351915124
san-gabriel-valley,2020-04-15,671,1491496,44.98838749818974
san-gabriel-valley,2020-04-16,701,1491496,46.99979081405515
san-gabriel-valley,2020-04-17,754,1491496,50.553270005417374
san-gabriel-valley,2020-04-18,799,1491496,53.5703749792155
san-gabriel-valley,2020-04-19,826,1491496,55.38063796349437
san-gabriel-valley,2020-04-20,895,1491496,60.00686558998483
san-gabriel-valley,2020-04-21,1013,1491496,67.91838529905544
san-gabriel-valley,2020-04-22,1145,1491496,76.76855988886327
san-gabriel-valley,2020-04-23,1241,1491496,83.20505049963259
san-gabriel-valley,2020-04-24,1316,1491496,88.23355878929611
san-gabriel-valley,2020-04-25,1390,1491496,93.19502030176415
san-gabriel-valley,2020-04-26,1422,1491496,95.34051717202057
san-gabriel-valley,2020-04-27,1484,1491496,99.49741735814243
san-gabriel-valley,2020-04-28,1546,1491496,103.65431754426429
san-gabriel-valley,2020-04-29,1635,1491496,109.62148071466501
san-gabriel-valley,2020-04-30,1635,1491496,109.62148071466501
san-gabriel-valley,2020-05-01,1751,1491496,117.3989068693446
san-gabriel-valley,2020-05-02,1808,1491496,121.2205731694889
san-gabriel-valley,2020-05-03,1866,1491496,125.1092862468287
san-gabriel-valley,2020-05-04,1908,1491496,127.92525088904027
san-gabriel-valley,2020-05-05,2023,1491496,135.63563026652434
san-gabriel-valley,2020-05-06,2100,1491496,140.7982321105789
san-gabriel-valley,2020-05-07,2206,1491496,147.90519049330337
san-gabriel-valley,2020-05-08,2270,1491496,152.19618423381624
san-gabriel-valley,2020-05-09,2372,1491496,159.03495550775867
san-gabriel-valley,2020-05-10,2418,1491496,162.11910725875228
san-gabriel-valley,2020-05-11,2497,1491496,167.41580265719787
san-gabriel-valley,2020-05-12,2621,1491496,175.7296030294416
san-gabriel-valley,2020-05-13,2778,1491496,186.25594704913723
san-gabriel-valley,2020-05-14,2859,1491496,191.68673600197386
san-gabriel-valley,2020-05-15,2859,1491496,191.68673600197386
san-gabriel-valley,2020-05-16,3023,1491496,202.6824074620381
san-gabriel-valley,2020-05-17,3070,1491496,205.83360599022728
san-gabriel-valley,2020-05-18,3098,1491496,207.71091575170166
san-gabriel-valley,2020-05-19,3229,1491496,216.49404356431393
san-gabriel-valley,2020-05-20,3229,1491496,216.49404356431393
san-gabriel-valley,2020-05-21,3523,1491496,236.205796059795
san-gabriel-valley,2020-05-22,3656,1491496,245.12301742679833
san-gabriel-valley,2020-05-23,3783,1491496,253.63795813062856
san-gabriel-valley,2020-05-24,3870,1491496,259.4710277466383
san-gabriel-valley,2020-05-25,3959,1491496,265.438190917039
san-gabriel-valley,2020-05-26,4180,1491496,280.2555286772475
san-gabriel-valley,2020-05-27,4271,1491496,286.3567854020393
san-gabriel-valley,2020-05-28,4374,1491496,293.26260345317723
san-gabriel-valley,2020-05-29,4546,1491496,304.79464913080557
san-gabriel-valley,2020-05-30,4737,1491496,317.60058357514873
san-gabriel-valley,2020-05-31,4840,1491496,324.5064016262866
san-gabriel-valley,2020-06-01,4940,1491496,331.211079345838
san-gabriel-valley,2020-06-02,5043,1491496,338.11689739697596
san-gabriel-valley,2020-06-03,5178,1491496,347.16821231837025
san-gabriel-valley,2020-06-04,5395,1491496,361.7173629697968
san-gabriel-valley,2020-06-05,5510,1491496,369.42774234728086
san-gabriel-valley,2020-06-06,5655,1491496,379.14952504063035
san-gabriel-valley,2020-06-07,5812,1491496,389.675869060326
san-gabriel-valley,2020-06-08,5894,1491496,395.17370479035816
san-gabriel-valley,2020-06-09,6002,1491496,402.4147567274736
san-gabriel-valley,2020-06-10,6123,1491496,410.5274167681308
san-gabriel-valley,2020-06-11,6332,1491496,424.5401932019932
san-gabriel-valley,2020-06-12,6561,1491496,439.89390517976585
san-gabriel-valley,2020-06-13,6800,1491496,455.9180849294936
san-gabriel-valley,2020-06-14,6915,1491496,463.6284643069777
san-gabriel-valley,2020-06-15,7061,1491496,473.41729377752273
san-gabriel-valley,2020-06-16,7216,1491496,483.8095442428273
san-gabriel-valley,2020-06-17,7446,1491496,499.2303029977955
san-gabriel-valley,2020-06-18,7565,1491496,507.2088694840616
san-gabriel-valley,2020-06-19,7730,1491496,518.2715877213215
san-gabriel-valley,2020-06-20,8003,1491496,536.5753578956967
san-gabriel-valley,2020-06-21,8268,1491496,554.3427538525078
san-gabriel-valley,2020-06-22,8673,1491496,581.4966986166909
san-gabriel-valley,2020-06-23,9085,1491496,609.1199708212425
san-gabriel-valley,2020-06-24,9224,1491496,618.439472851419
san-gabriel-valley,2020-06-25,9510,1491496,637.6148511293359
san-gabriel-valley,2020-06-26,9746,1491496,653.4378905474772
san-gabriel-valley,2020-06-27,10040,1491496,673.1496430429581
san-gabriel-valley,2020-06-28,10450,1491496,700.6388216931189
san-gabriel-valley,2020-06-29,10826,1491496,725.848409918632
san-gabriel-valley,2020-06-30,11267,1491496,755.4160386618536
san-gabriel-valley,2020-07-01,11542,1491496,773.8539023906199
san-gabriel-valley,2020-07-02,11884,1491496,796.7839001914856
san-gabriel-valley,2020-07-06,13451,1491496,901.8462000568557
san-gabriel-valley,2020-07-07,14054,1491496,942.2754067057504
san-gabriel-valley,2020-07-08,14443,1491496,968.3566030348053
san-gabriel-valley,2020-07-09,14687,1491496,984.7160166705107
santa-monica-mountains,2020-03-27,13,87038,14.93600496334934
santa-monica-mountains,2020-03-28,19,87038,21.829545715664423
santa-monica-mountains,2020-03-29,19,87038,21.829545715664423
santa-monica-mountains,2020-03-30,20,87038,22.978469174383605
santa-monica-mountains,2020-03-31,24,87038,27.574163009260324
santa-monica-mountains,2020-04-01,23,87038,26.425239550541143
santa-monica-mountains,2020-04-02,32,87038,36.765550679013764
santa-monica-mountains,2020-04-03,39,87038,44.80801489004803
santa-monica-mountains,2020-04-04,41,87038,47.105861807486384
santa-monica-mountains,2020-04-05,51,87038,58.59509639467819
santa-monica-mountains,2020-04-06,52,87038,59.74401985339736
santa-monica-mountains,2020-04-07,53,87038,60.89294331211655
santa-monica-mountains,2020-04-08,59,87038,67.78648406443162
santa-monica-mountains,2020-04-09,59,87038,67.78648406443162
santa-monica-mountains,2020-04-10,68,87038,78.12679519290425
santa-monica-mountains,2020-04-11,70,87038,80.42464211034262
santa-monica-mountains,2020-04-12,71,87038,81.57356556906178
santa-monica-mountains,2020-04-13,74,87038,85.02033594521933
santa-monica-mountains,2020-04-14,78,87038,89.61602978009606
santa-monica-mountains,2020-04-15,78,87038,89.61602978009606
santa-monica-mountains,2020-04-16,78,87038,89.61602978009606
santa-monica-mountains,2020-04-17,81,87038,93.06280015625359
santa-monica-mountains,2020-04-18,84,87038,96.50957053241113
santa-monica-mountains,2020-04-19,85,87038,97.6584939911303
santa-monica-mountains,2020-04-20,91,87038,104.55203474344539
santa-monica-mountains,2020-04-21,98,87038,112.59449895447966
santa-monica-mountains,2020-04-22,100,87038,114.89234587191801
santa-monica-mountains,2020-04-23,102,87038,117.19019278935637
santa-monica-mountains,2020-04-24,105,87038,120.6369631655139
santa-monica-mountains,2020-04-25,106,87038,121.7858866242331
santa-monica-mountains,2020-04-26,107,87038,122.93481008295228
santa-monica-mountains,2020-04-27,107,87038,122.93481008295228
santa-monica-mountains,2020-04-28,112,87038,128.67942737654818
santa-monica-mountains,2020-04-29,115,87038,132.1261977527057
santa-monica-mountains,2020-04-30,115,87038,132.1261977527057
santa-monica-mountains,2020-05-01,119,87038,136.72189158758243
santa-monica-mountains,2020-05-02,119,87038,136.72189158758243
santa-monica-mountains,2020-05-03,126,87038,144.7643557986167
santa-monica-mountains,2020-05-04,127,87038,145.9132792573359
santa-monica-mountains,2020-05-05,130,87038,149.36004963349342
santa-monica-mountains,2020-05-06,133,87038,152.80682000965095
santa-monica-mountains,2020-05-07,134,87038,153.95574346837014
santa-monica-mountains,2020-05-08,134,87038,153.95574346837014
santa-monica-mountains,2020-05-09,136,87038,156.2535903858085
santa-monica-mountains,2020-05-10,136,87038,156.2535903858085
santa-monica-mountains,2020-05-11,136,87038,156.2535903858085
santa-monica-mountains,2020-05-12,139,87038,159.70036076196604
santa-monica-mountains,2020-05-13,139,87038,159.70036076196604
santa-monica-mountains,2020-05-14,142,87038,163.14713113812357
santa-monica-mountains,2020-05-15,142,87038,163.14713113812357
santa-monica-mountains,2020-05-16,144,87038,165.44497805556193
santa-monica-mountains,2020-05-17,146,87038,167.7428249730003
santa-monica-mountains,2020-05-18,146,87038,167.7428249730003
santa-monica-mountains,2020-05-19,146,87038,167.7428249730003
santa-monica-mountains,2020-05-20,146,87038,167.7428249730003
santa-monica-mountains,2020-05-21,147,87038,168.89174843171946
santa-monica-mountains,2020-05-22,147,87038,168.89174843171946
santa-monica-mountains,2020-05-23,148,87038,170.04067189043866
santa-monica-mountains,2020-05-24,148,87038,170.04067189043866
santa-monica-mountains,2020-05-25,155,87038,178.08313610147292
santa-monica-mountains,2020-05-26,156,87038,179.2320595601921
santa-monica-mountains,2020-05-27,157,87038,180.38098301891128
santa-monica-mountains,2020-05-28,158,87038,181.52990647763045
santa-monica-mountains,2020-05-29,160,87038,183.82775339506884
santa-monica-mountains,2020-05-30,165,87038,189.57237068866473
santa-monica-mountains,2020-05-31,176,87038,202.21052873457572
santa-monica-mountains,2020-06-01,189,87038,217.14653369792507
santa-monica-mountains,2020-06-02,191,87038,219.44438061536343
santa-monica-mountains,2020-06-03,192,87038,220.5933040740826
santa-monica-mountains,2020-06-04,194,87038,222.89115099152096
santa-monica-mountains,2020-06-05,196,87038,225.18899790895932
santa-monica-mountains,2020-06-06,199,87038,228.63576828511685
santa-monica-mountains,2020-06-07,201,87038,230.93361520255522
santa-monica-mountains,2020-06-08,201,87038,230.93361520255522
santa-monica-mountains,2020-06-09,204,87038,234.38038557871275
santa-monica-mountains,2020-06-10,205,87038,235.52930903743191
santa-monica-mountains,2020-06-11,210,87038,241.2739263310278
santa-monica-mountains,2020-06-12,213,87038,244.72069670718534
santa-monica-mountains,2020-06-13,215,87038,247.01854362462373
santa-monica-mountains,2020-06-14,215,87038,247.01854362462373
santa-monica-mountains,2020-06-15,214,87038,245.86962016590456
santa-monica-mountains,2020-06-16,216,87038,248.16746708334293
santa-monica-mountains,2020-06-17,216,87038,248.16746708334293
santa-monica-mountains,2020-06-18,223,87038,256.20993129437716
santa-monica-mountains,2020-06-19,228,87038,261.9545485879731
santa-monica-mountains,2020-06-20,238,87038,273.44378317516487
santa-monica-mountains,2020-06-21,242,87038,278.0394770100416
santa-monica-mountains,2020-06-22,244,87038,280.33732392748
santa-monica-mountains,2020-06-23,253,87038,290.6776350559526
santa-monica-mountains,2020-06-24,255,87038,292.9754819733909
santa-monica-mountains,2020-06-25,260,87038,298.72009926698684
santa-monica-mountains,2020-06-26,264,87038,303.31579310186356
santa-monica-mountains,2020-06-27,268,87038,307.9114869367403
santa-monica-mountains,2020-06-28,274,87038,314.80502768905535
santa-monica-mountains,2020-06-29,287,87038,329.7410326524047
santa-monica-mountains,2020-06-30,296,87038,340.0813437808773
santa-monica-mountains,2020-07-01,304,87038,349.2727314506308
santa-monica-mountains,2020-07-02,312,87038,358.4641191203842
santa-monica-mountains,2020-07-06,327,87038,375.6979710011719
santa-monica-mountains,2020-07-07,337,87038,387.18720558836367
santa-monica-mountains,2020-07-08,341,87038,391.7828994232404
santa-monica-mountains,2020-07-09,343,87038,394.0807463406788
south-bay,2020-03-27,119,775751,15.339973780246495
south-bay,2020-03-28,147,775751,18.949379375598614
south-bay,2020-03-29,181,775751,23.33222902709761
south-bay,2020-03-30,213,775751,27.45726399321432
south-bay,2020-03-31,261,775751,33.64481644238938
south-bay,2020-04-01,303,775751,39.05892483541755
south-bay,2020-04-02,346,775751,44.60194057113687
south-bay,2020-04-03,402,775751,51.8207517618411
south-bay,2020-04-04,440,775751,56.719230784104695
south-bay,2020-04-05,478,775751,61.61770980636828
south-bay,2020-04-06,523,775751,67.4185402274699
south-bay,2020-04-07,566,775751,72.96155596318923
south-bay,2020-04-08,609,775751,78.50457169890855
south-bay,2020-04-09,609,775751,78.50457169890855
south-bay,2020-04-10,681,775751,87.78590037267112
south-bay,2020-04-11,727,775751,93.7156381364639
south-bay,2020-04-12,755,775751,97.32504373181601
south-bay,2020-04-13,774,775751,99.7742832429478
south-bay,2020-04-14,812,775751,104.67276226521138
south-bay,2020-04-15,838,775751,108.02435317518122
south-bay,2020-04-16,859,775751,110.7314073716953
south-bay,2020-04-17,897,775751,115.6298863939589
south-bay,2020-04-18,933,775751,120.27055073084017
south-bay,2020-04-19,952,775751,122.71979024197196
south-bay,2020-04-20,1022,775751,131.74330423035227
south-bay,2020-04-21,1144,775751,147.47000003867223
south-bay,2020-04-22,1182,775751,152.36847906093578
south-bay,2020-04-23,1228,775751,158.29821682472857
south-bay,2020-04-24,1263,775751,162.80997381891868
south-bay,2020-04-25,1297,775751,167.1928234704177
south-bay,2020-04-26,1308,775751,168.61080424002031
south-bay,2020-04-27,1355,775751,174.66944934650422
south-bay,2020-04-28,1375,775751,177.24759620032717
south-bay,2020-04-29,1456,775751,187.68909095831006
south-bay,2020-04-30,1456,775751,187.68909095831006
south-bay,2020-05-01,1528,775751,196.97041963207266
south-bay,2020-05-02,1554,775751,200.3220105420425
south-bay,2020-05-03,1590,775751,204.9626748789238
south-bay,2020-05-04,1608,775751,207.2830070473644
south-bay,2020-05-05,1693,775751,218.2401311761119
south-bay,2020-05-06,1752,775751,225.84566439488958
south-bay,2020-05-07,1786,775751,230.2285140463886
south-bay,2020-05-08,1801,775751,232.1621241867558
south-bay,2020-05-09,1839,775751,237.06060320901938
south-bay,2020-05-10,1848,775751,238.22076929323973
south-bay,2020-05-11,1859,775751,239.63875006284232
south-bay,2020-05-12,1897,775751,244.53722908510593
south-bay,2020-05-13,1943,775751,250.4669668488987
south-bay,2020-05-14,1972,775751,254.20527978694193
south-bay,2020-05-15,1972,775751,254.20527978694193
south-bay,2020-05-16,2035,775751,262.3264423764842
south-bay,2020-05-17,2060,775751,265.5491259437629
south-bay,2020-05-18,2083,775751,268.51399482565927
south-bay,2020-05-19,2115,775751,272.639029791776
south-bay,2020-05-20,2115,775751,272.639029791776
south-bay,2020-05-21,2190,775751,282.307080493612
south-bay,2020-05-22,2222,775751,286.4321154597287
south-bay,2020-05-23,2258,775751,291.07277979661
south-bay,2020-05-24,2278,775751,293.65092665043295
south-bay,2020-05-25,2319,775751,298.93612770077
south-bay,2020-05-26,2355,775751,303.5767920376512
south-bay,2020-05-27,2384,775751,307.3151049756945
south-bay,2020-05-28,2421,775751,312.08467665526695
south-bay,2020-05-29,2461,775751,317.24097036291283
south-bay,2020-05-30,2510,775751,323.557430154779
south-bay,2020-05-31,2555,775751,329.35826057588065
south-bay,2020-06-01,2589,775751,333.7411102273797
south-bay,2020-06-02,2660,775751,342.8935315584511
south-bay,2020-06-03,2705,775751,348.6943619795527
south-bay,2020-06-04,2740,775751,353.20611897374283
south-bay,2020-06-05,2778,775751,358.1045979960065
south-bay,2020-06-06,2827,775751,364.42105778787266
south-bay,2020-06-07,2860,775751,368.6750000966805
south-bay,2020-06-08,2890,775751,372.5422203774149
south-bay,2020-06-09,2911,775751,375.24927457392903
south-bay,2020-06-10,2969,775751,382.72590045001556
south-bay,2020-06-11,3038,775751,391.6205070957046
south-bay,2020-06-12,3094,775751,398.8393182864089
south-bay,2020-06-13,3153,775751,406.4448515051866
south-bay,2020-06-14,3192,775751,411.4722378701413
south-bay,2020-06-15,3222,775751,415.3394581508757
south-bay,2020-06-16,3265,775751,420.8824738865951
south-bay,2020-06-17,3330,775751,429.26145116151963
south-bay,2020-06-18,3367,775751,434.031022841092
south-bay,2020-06-19,3411,775751,439.7029459195025
south-bay,2020-06-20,3506,775751,451.94914347516146
south-bay,2020-06-21,3578,775751,461.2304721489241
south-bay,2020-06-22,3657,775751,471.41415222152466
south-bay,2020-06-23,3754,775751,483.918164462566
south-bay,2020-06-24,3817,775751,492.03932705210826
south-bay,2020-06-25,3881,775751,500.28939698434164
south-bay,2020-06-26,3954,775751,509.69963300079536
south-bay,2020-06-27,4065,775751,524.0083480395127
south-bay,2020-06-28,4176,775751,538.31706307823
south-bay,2020-06-29,4274,775751,550.9499826619624
south-bay,2020-06-30,4386,775751,565.3876050433709
south-bay,2020-07-01,4465,775751,575.5712851159715
south-bay,2020-07-02,4526,775751,583.4346330201315
south-bay,2020-07-06,4961,775751,639.5093270907804
south-bay,2020-07-07,5145,775751,663.2282781459514
south-bay,2020-07-08,5249,775751,676.6346417858307
south-bay,2020-07-09,5348,775751,689.3964687122543
south-la,2020-03-27,49,843049,5.81223629943218
south-la,2020-03-28,68,843049,8.06596057880384
south-la,2020-03-29,79,843049,9.370748319492698
south-la,2020-03-30,91,843049,10.794153127516905
south-la,2020-03-31,147,843049,17.43670889829654
south-la,2020-04-01,221,843049,26.214371881112488
south-la,2020-04-02,271,843049,32.14522524788001
south-la,2020-04-03,314,843049,37.24575914330009
south-la,2020-04-04,376,843049,44.60001731809184
south-la,2020-04-05,438,843049,51.95427549288357
south-la,2020-04-06,476,843049,56.46172405162689
south-la,2020-04-07,537,843049,63.69736515908328
south-la,2020-04-08,596,843049,70.69577213186896
south-la,2020-04-09,596,843049,70.69577213186896
south-la,2020-04-10,687,843049,81.48992525938587
south-la,2020-04-11,735,843049,87.1835444914827
south-la,2020-04-12,749,843049,88.84418343417761
south-la,2020-04-13,779,843049,92.40269545423813
south-la,2020-04-14,846,843049,100.35003896570662
south-la,2020-04-15,897,843049,106.3995093998095
south-la,2020-04-16,923,843049,109.4835531505286
south-la,2020-04-17,987,843049,117.07504545999106
south-la,2020-04-18,1053,843049,124.90377190412421
south-la,2020-04-19,1084,843049,128.58090099152005
south-la,2020-04-20,1245,843049,147.6782488325115
south-la,2020-04-21,1418,843049,168.19900148152718
south-la,2020-04-22,1574,843049,186.70326398584186
south-la,2020-04-23,1710,843049,202.83518514344956
south-la,2020-04-24,1850,843049,219.44157457039864
south-la,2020-04-25,1912,843049,226.79583274519038
south-la,2020-04-26,1966,843049,233.20115438129932
south-la,2020-04-27,2084,843049,247.1979683268707
south-la,2020-04-28,2170,843049,257.3990361177108
south-la,2020-04-29,2307,843049,273.64957434265386
south-la,2020-04-30,2307,843049,273.64957434265386
south-la,2020-05-01,2518,843049,298.67777555041283
south-la,2020-05-02,2596,843049,307.9299068025702
south-la,2020-05-03,2680,843049,317.8937404587396
south-la,2020-05-04,2717,843049,322.2825719501476
south-la,2020-05-05,2958,843049,350.8692851779671
south-la,2020-05-06,3083,843049,365.696418594886
south-la,2020-05-07,3184,843049,377.6767423957563
south-la,2020-05-08,3241,843049,384.43791523387137
south-la,2020-05-09,3355,843049,397.96026091010134
south-la,2020-05-10,3404,843049,403.7724972095335
south-la,2020-05-11,3473,843049,411.95707485567266
south-la,2020-05-12,3598,843049,426.78420827259157
south-la,2020-05-13,3754,843049,445.2884707769062
south-la,2020-05-14,3847,843049,456.31985803909384
south-la,2020-05-15,3847,843049,456.31985803909384
south-la,2020-05-16,4117,843049,488.3464662196385
south-la,2020-05-17,4233,843049,502.1060460305392
south-la,2020-05-18,4318,843049,512.188496754044
south-la,2020-05-19,4480,843049,531.4044616623707
south-la,2020-05-20,4480,843049,531.4044616623707
south-la,2020-05-21,4774,843049,566.2778794589639
south-la,2020-05-22,4947,843049,586.7986321079795
south-la,2020-05-23,5089,843049,603.6422556695993
south-la,2020-05-24,5218,843049,618.9438573558594
south-la,2020-05-25,5394,843049,639.8204612068813
south-la,2020-05-26,5677,843049,673.3890912627854
south-la,2020-05-27,5844,843049,693.1981415077889
south-la,2020-05-28,6038,843049,716.209852570847
south-la,2020-05-29,6268,843049,743.4917780579776
south-la,2020-05-30,6537,843049,775.3997691711869
south-la,2020-05-31,6729,843049,798.1742460995744
south-la,2020-06-01,6888,843049,817.034359805895
south-la,2020-06-02,7083,843049,840.1646879362884
south-la,2020-06-03,7247,843049,859.6178869792859
south-la,2020-06-04,7411,843049,879.0710860222835
south-la,2020-06-05,7596,843049,901.0152434793233
south-la,2020-06-06,7817,843049,927.2296153604358
south-la,2020-06-07,8066,843049,956.765265126938
south-la,2020-06-08,8189,843049,971.3551644091863
south-la,2020-06-09,8384,843049,994.4854925395796
south-la,2020-06-10,8565,843049,1015.955181727278
south-la,2020-06-11,8838,843049,1048.3376411098286
south-la,2020-06-12,9075,843049,1076.4498860683068
south-la,2020-06-13,9328,843049,1106.4600041041506
south-la,2020-06-14,9446,843049,1120.456818049722
south-la,2020-06-15,9613,843049,1140.2658682947254
south-la,2020-06-16,9852,843049,1168.6153473878744
south-la,2020-06-17,10193,843049,1209.0637673492288
south-la,2020-06-18,10351,843049,1227.8052639882142
south-la,2020-06-19,10549,843049,1251.2914433206136
south-la,2020-06-20,10888,843049,1291.5026291472975
south-la,2020-06-21,11152,843049,1322.81753492383
south-la,2020-06-22,11545,843049,1369.4340423866229
south-la,2020-06-23,11846,843049,1405.1377796545632
south-la,2020-06-24,12023,843049,1426.1330005729205
south-la,2020-06-25,12259,843049,1454.126628464063
south-la,2020-06-26,12540,843049,1487.4580243852968
south-la,2020-06-27,12775,843049,1515.333035209104
south-la,2020-06-28,13084,843049,1551.9857090157275
south-la,2020-06-29,13521,843049,1603.8213674412757
south-la,2020-06-30,13882,843049,1646.6421287493372
south-la,2020-07-01,14137,843049,1676.8894809198516
south-la,2020-07-02,14393,843049,1707.2554501577013
south-la,2020-07-06,15408,843049,1827.6517735030823
south-la,2020-07-07,16008,843049,1898.8220139042926
south-la,2020-07-08,16317,843049,1935.4746877109158
south-la,2020-07-09,16526,843049,1960.2656547840045
southeast,2020-03-27,74,1219178,6.069663330539101
southeast,2020-03-28,110,1219178,9.022472518368934
southeast,2020-03-29,126,1219178,10.334832157404415
southeast,2020-03-30,156,1219178,12.795506480595941
southeast,2020-03-31,201,1219178,16.486517965383232
southeast,2020-04-01,248,1219178,20.34157440504996
southeast,2020-04-02,290,1219178,23.7865184575181
southeast,2020-04-03,325,1219178,26.657305167908213
southeast,2020-04-04,398,1219178,32.6449460210076
southeast,2020-04-05,502,1219178,41.175283674738225
southeast,2020-04-06,546,1219178,44.7842726820858
southeast,2020-04-07,615,1219178,50.443823625426305
southeast,2020-04-08,675,1219178,55.365172271809364
southeast,2020-04-09,675,1219178,55.365172271809364
southeast,2020-04-10,811,1219178,66.52022920361095
southeast,2020-04-11,873,1219178,71.60562280487345
southeast,2020-04-12,891,1219178,73.08202739878837
southeast,2020-04-13,918,1219178,75.29663428966073
southeast,2020-04-14,992,1219178,81.36629762019984
southeast,2020-04-15,1046,1219178,85.7955114019446
southeast,2020-04-16,1112,1219178,91.20899491296595
southeast,2020-04-17,1182,1219178,96.95056833374618
southeast,2020-04-18,1253,1219178,102.77416423196613
southeast,2020-04-19,1294,1219178,106.13708580699455
southeast,2020-04-20,1467,1219178,120.32697440406568
southeast,2020-04-21,1634,1219178,134.02472813649854
southeast,2020-04-22,1767,1219178,144.93371763598094
southeast,2020-04-23,1889,1219178,154.94045988362652
southeast,2020-04-24,1983,1219178,162.65057276295997
southeast,2020-04-25,2049,1219178,168.06405627398132
southeast,2020-04-26,2093,1219178,171.67304528132888
southeast,2020-04-27,2155,1219178,176.7584388825914
southeast,2020-04-28,2221,1219178,182.17192239361276
southeast,2020-04-29,2326,1219178,190.7842825247831
southeast,2020-04-30,2326,1219178,190.7842825247831
southeast,2020-05-01,2560,1219178,209.977542245677
southeast,2020-05-02,2638,1219178,216.37529548597496
southeast,2020-05-03,2683,1219178,220.06630697076227
southeast,2020-05-04,2732,1219178,224.08540836530844
southeast,2020-05-05,2912,1219178,238.8494543044576
southeast,2020-05-06,3011,1219178,246.96967957098963
southeast,2020-05-07,3090,1219178,253.44945528872734
southeast,2020-05-08,3211,1219178,263.37417505893313
southeast,2020-05-09,3298,1219178,270.51013059618856
southeast,2020-05-10,3348,1219178,274.6112544681745
southeast,2020-05-11,3395,1219178,278.4663109078412
southeast,2020-05-12,3532,1219178,289.7033903170825
southeast,2020-05-13,3754,1219178,307.9123803086998
southeast,2020-05-14,3855,1219178,316.19665053011124
southeast,2020-05-15,3855,1219178,316.19665053011124
southeast,2020-05-16,4151,1219178,340.4753038522677
southeast,2020-05-17,4234,1219178,347.28316947976424
southeast,2020-05-18,4340,1219178,355.9775520883743
southeast,2020-05-19,4543,1219178,372.62811500863694
southeast,2020-05-20,4543,1219178,372.62811500863694
southeast,2020-05-21,5051,1219178,414.2955335480135
southeast,2020-05-22,5234,1219178,429.30564691948183
southeast,2020-05-23,5392,1219178,442.2651983549572
southeast,2020-05-24,5591,1219178,458.587671365461
southeast,2020-05-25,5745,1219178,471.2191328911775
southeast,2020-05-26,6231,1219178,511.0820569268802
southeast,2020-05-27,6351,1219178,520.9247542196463
southeast,2020-05-28,6496,1219178,532.8180134484054
southeast,2020-05-29,6967,1219178,571.4506003225124
southeast,2020-05-30,7451,1219178,611.1494794033357
southeast,2020-05-31,7623,1219178,625.2573455229671
southeast,2020-06-01,7774,1219178,637.6427396163645
southeast,2020-06-02,7944,1219178,651.5865607811164
southeast,2020-06-03,8133,1219178,667.0888090172231
southeast,2020-06-04,8446,1219178,692.7618444558547
southeast,2020-06-05,8719,1219178,715.1539807968976
southeast,2020-06-06,8941,1219178,733.3629707885149
southeast,2020-06-07,9187,1219178,753.5405002386854
southeast,2020-06-08,9312,1219178,763.7933099186502
southeast,2020-06-09,9573,1219178,785.2011765304164
southeast,2020-06-10,9873,1219178,809.8079197623316
southeast,2020-06-11,10181,1219178,835.0708428137647
southeast,2020-06-12,10550,1219178,865.3371369890206
southeast,2020-06-13,10875,1219178,891.9944421569287
southeast,2020-06-14,11045,1219178,905.9382633216807
southeast,2020-06-15,11224,1219178,920.62028678339
southeast,2020-06-16,11481,1219178,941.7000634853975
southeast,2020-06-17,11888,1219178,975.0832118033626
southeast,2020-06-18,12059,1219178,989.1090554455542
southeast,2020-06-19,12249,1219178,1004.6933261591007
southeast,2020-06-20,12710,1219178,1042.5056882588106
southeast,2020-06-21,13113,1219178,1075.5607466670167
southeast,2020-06-22,13628,1219178,1117.802322548471
southeast,2020-06-23,14049,1219178,1152.3337855505922
southeast,2020-06-24,14258,1219178,1169.4764833354932
southeast,2020-06-25,14566,1219178,1194.7394063869262
southeast,2020-06-26,14877,1219178,1220.2483968706786
southeast,2020-06-27,15260,1219178,1251.6630057300902
southeast,2020-06-28,15816,1219178,1297.267503186573
southeast,2020-06-29,16347,1219178,1340.8214387070632
southeast,2020-06-30,16898,1219178,1386.0158237763476
southeast,2020-07-01,17223,1219178,1412.673128944256
southeast,2020-07-02,17621,1219178,1445.3180749652633
southeast,2020-07-06,19270,1219178,1580.573140263358
southeast,2020-07-07,20066,1219178,1645.8630323053728
southeast,2020-07-08,20572,1219178,1687.3664058898703
southeast,2020-07-09,20855,1219178,1710.57876700531
verdugos,2020-03-27,55,462921,11.881076900810289
verdugos,2020-03-28,65,462921,14.041272700957615
verdugos,2020-03-29,76,462921,16.41748808111967
verdugos,2020-03-30,109,462921,23.546134221605847
verdugos,2020-03-31,134,462921,28.946623721974163
verdugos,2020-04-01,146,462921,31.538858682150952
verdugos,2020-04-02,165,462921,35.64323070243087
verdugos,2020-04-03,188,462921,40.61168104276972
verdugos,2020-04-04,213,462921,46.01217054313803
verdugos,2020-04-05,241,462921,52.060718783550534
verdugos,2020-04-06,272,462921,58.75732576400725
verdugos,2020-04-07,289,462921,62.429658624257705
verdugos,2020-04-08,316,462921,68.26218728465548
verdugos,2020-04-09,330,462921,71.28646140486174
verdugos,2020-04-10,411,462921,88.78404738605508
verdugos,2020-04-11,432,462921,93.32045856636445
verdugos,2020-04-12,447,462921,96.56075226658544
verdugos,2020-04-13,503,462921,108.65784874741047
verdugos,2020-04-14,539,462921,116.43455362794083
verdugos,2020-04-15,556,462921,120.10688648819128
verdugos,2020-04-16,567,462921,122.48310186835334
verdugos,2020-04-17,627,462921,135.4442766692373
verdugos,2020-04-18,647,462921,139.76466826953197
verdugos,2020-04-19,654,462921,141.2768053296351
verdugos,2020-04-20,673,462921,145.381177349915
verdugos,2020-04-21,750,462921,162.0146850110494
verdugos,2020-04-22,796,462921,171.95158569172708
verdugos,2020-04-23,836,462921,180.59236889231641
verdugos,2020-04-24,922,462921,199.17005277358342
verdugos,2020-04-25,932,462921,201.33024857373073
verdugos,2020-04-26,974,462921,210.40307093434947
verdugos,2020-04-27,1024,462921,221.20404993508612
verdugos,2020-04-28,1046,462921,225.95648069541025
verdugos,2020-04-29,1108,462921,239.34969465632363
verdugos,2020-04-30,1098,462921,237.1894988561763
verdugos,2020-05-01,1187,462921,256.41524147748754
verdugos,2020-05-02,1216,462921,262.67980929791474
verdugos,2020-05-03,1226,462921,264.8400050980621
verdugos,2020-05-04,1284,462921,277.3691407389166
verdugos,2020-05-05,1346,462921,290.76235469983
verdugos,2020-05-06,1390,462921,300.26721622047825
verdugos,2020-05-07,1418,462921,306.31576446089076
verdugos,2020-05-08,1445,462921,312.14829312128853
verdugos,2020-05-09,1502,462921,324.46140918212825
verdugos,2020-05-10,1524,462921,329.2138399424524
verdugos,2020-05-11,1541,462921,332.88617280270284
verdugos,2020-05-12,1625,462921,351.0318175239404
verdugos,2020-05-13,1670,462921,360.75269862460334
verdugos,2020-05-14,1691,462921,365.2891098049127
verdugos,2020-05-15,1746,462921,377.170186705723
verdugos,2020-05-16,1809,462921,390.77942024665117
verdugos,2020-05-17,1842,462921,397.9080663871373
verdugos,2020-05-18,1845,462921,398.55612512718153
verdugos,2020-05-19,1862,462921,402.22845798743197
verdugos,2020-05-20,1942,462921,419.5100243886106
verdugos,2020-05-21,1977,462921,427.0707096891262
verdugos,2020-05-22,2007,462921,433.5512970895682
verdugos,2020-05-23,2048,462921,442.40809987017224
verdugos,2020-05-24,2089,462921,451.26490265077626
verdugos,2020-05-25,2105,462921,454.721215931012
verdugos,2020-05-26,2163,462921,467.2503515718665
verdugos,2020-05-27,2193,462921,473.7309389723085
verdugos,2020-05-28,2218,462921,479.13142847267676
verdugos,2020-05-29,2234,462921,482.5877417529125
verdugos,2020-05-30,2260,462921,488.20425083329553
verdugos,2020-05-31,2274,462921,491.22852495350185
verdugos,2020-06-01,2281,462921,492.7406620136049
verdugos,2020-06-02,2299,462921,496.6290144538701
verdugos,2020-06-03,2312,462921,499.43726899406164
verdugos,2020-06-04,2382,462921,514.5586395950929
verdugos,2020-06-05,2399,462921,518.2309724553434
verdugos,2020-06-06,2415,462921,521.687285735579
verdugos,2020-06-07,2442,462921,527.5198143959768
verdugos,2020-06-08,2450,462921,529.2479710360948
verdugos,2020-06-09,2480,462921,535.7285584365367
verdugos,2020-06-10,2486,462921,537.0246759166251
verdugos,2020-06-11,2526,462921,545.6654591172144
verdugos,2020-06-12,2534,462921,547.3936157573323
verdugos,2020-06-13,2567,462921,554.5222618978185
verdugos,2020-06-14,2593,462921,560.1387709782015
verdugos,2020-06-15,2596,462921,560.7868297182457
verdugos,2020-06-16,2655,462921,573.5319849391149
verdugos,2020-06-17,2716,462921,586.7091793200135
verdugos,2020-06-18,2757,462921,595.5659821006176
verdugos,2020-06-19,2798,462921,604.4227848812216
verdugos,2020-06-20,2844,462921,614.3596855618994
verdugos,2020-06-21,2863,462921,618.4640575821792
verdugos,2020-06-22,2928,462921,632.5053302831368
verdugos,2020-06-23,2968,462921,641.1461134837261
verdugos,2020-06-24,3000,462921,648.0587400441976
verdugos,2020-06-25,3046,462921,657.9956407248752
verdugos,2020-06-26,3088,462921,667.068463085494
verdugos,2020-06-27,3107,462921,671.172835105774
verdugos,2020-06-28,3185,462921,688.0223623469232
verdugos,2020-06-29,3235,462921,698.8233413476597
verdugos,2020-06-30,3320,462921,717.185005648912
verdugos,2020-07-01,3351,462921,723.8816126293688
verdugos,2020-07-02,3404,462921,735.3306503701496
verdugos,2020-07-06,3575,462921,772.2699985526689
verdugos,2020-07-07,3646,462921,787.6073887337149
verdugos,2020-07-08,3687,462921,796.4641915143188
verdugos,2020-07-09,3740,462921,807.9132292550996
westside,2020-03-27,206,575038,35.82371947593029
westside,2020-03-28,241,575038,41.91027375582135
westside,2020-03-29,282,575038,49.04023734083661
westside,2020-03-30,323,575038,56.17020092585186
westside,2020-03-31,370,575038,64.34357381599129
westside,2020-04-01,411,575038,71.47353740100654
westside,2020-04-02,441,575038,76.69058392662745
westside,2020-04-03,497,575038,86.42907077445317
westside,2020-04-04,538,575038,93.55903435946843
westside,2020-04-05,560,575038,97.38486847825709
westside,2020-04-06,587,575038,102.08021035131591
westside,2020-04-07,621,575038,107.99286308035296
westside,2020-04-08,641,575038,111.47089409743356
westside,2020-04-09,641,575038,111.47089409743356
westside,2020-04-10,683,575038,118.77475923330285
westside,2020-04-11,704,575038,122.42669180123748
westside,2020-04-12,710,575038,123.47010110636168
westside,2020-04-13,718,575038,124.8613135131939
westside,2020-04-14,730,575038,126.94813212344228
westside,2020-04-15,743,575038,129.20885228454466
westside,2020-04-16,756,575038,131.4695724456471
westside,2020-04-17,768,575038,133.55639105589543
westside,2020-04-18,787,575038,136.86052052212202
westside,2020-04-19,799,575038,138.9473391323704
westside,2020-04-20,869,575038,151.1204476921525
westside,2020-04-21,914,575038,158.9460174805839
westside,2020-04-22,935,575038,162.59795004851853
westside,2020-04-23,960,575038,166.9454888198693
westside,2020-04-24,976,575038,169.72791363353377
westside,2020-04-25,1010,575038,175.6405663625708
westside,2020-04-26,1021,575038,177.55348342196515
westside,2020-04-27,1031,575038,179.29249893050545
westside,2020-04-28,1045,575038,181.72712064246187
westside,2020-04-29,1062,575038,184.6834470069804
westside,2020-04-30,1062,575038,184.6834470069804
westside,2020-05-01,1121,575038,194.9436385073682
westside,2020-05-02,1152,575038,200.33458658384313
westside,2020-05-03,1165,575038,202.59530674494553
westside,2020-05-04,1187,575038,206.42114086373422
westside,2020-05-05,1220,575038,212.15989204191723
westside,2020-05-06,1241,575038,215.8118246098519
westside,2020-05-07,1261,575038,219.28985562693248
westside,2020-05-08,1275,575038,221.7244773388889
westside,2020-05-09,1291,575038,224.5069021525534
westside,2020-05-10,1316,575038,228.85444092390415
westside,2020-05-11,1330,575038,231.28906263586057
westside,2020-05-12,1339,575038,232.85417659354687
westside,2020-05-13,1365,575038,237.37561691575164
westside,2020-05-14,1380,575038,239.98414017856211
westside,2020-05-15,1380,575038,239.98414017856211
westside,2020-05-16,1418,575038,246.59239911101528
westside,2020-05-17,1434,575038,249.3748239246798
westside,2020-05-18,1437,575038,249.89652857724184
westside,2020-05-19,1443,575038,250.93993788236602
westside,2020-05-20,1443,575038,250.93993788236602
westside,2020-05-21,1465,575038,254.7657720011547
westside,2020-05-22,1477,575038,256.8525906114031
westside,2020-05-23,1494,575038,259.8089169759216
westside,2020-05-24,1510,575038,262.59134178958607
westside,2020-05-25,1529,575038,265.89547125581265
westside,2020-05-26,1543,575038,268.3300929677691
westside,2020-05-27,1560,575038,271.2864193322876
westside,2020-05-28,1593,575038,277.0251705104706
westside,2020-05-29,1617,575038,281.19880773096736
westside,2020-05-30,1643,575038,285.7202480531721
westside,2020-05-31,1661,575038,288.8504759685447
westside,2020-06-01,1672,575038,290.763393027939
westside,2020-06-02,1690,575038,293.8936209433116
westside,2020-06-03,1707,575038,296.84994730783006
westside,2020-06-04,1721,575038,299.2845690197865
westside,2020-06-05,1749,575038,304.15381244369934
westside,2020-06-06,1758,575038,305.71892640138566
westside,2020-06-07,1782,575038,309.8925636218824
westside,2020-06-08,1792,575038,311.63157913042267
westside,2020-06-09,1811,575038,314.9357085966493
westside,2020-06-10,1828,575038,317.8920349611678
westside,2020-06-11,1855,575038,322.5873768342266
westside,2020-06-12,1879,575038,326.7610140547233
westside,2020-06-13,1918,575038,333.54317453803054
westside,2020-06-14,1941,575038,337.54291020767323
westside,2020-06-15,1946,575038,338.4124179619434
westside,2020-06-16,1973,575038,343.10775983500224
westside,2020-06-17,2017,575038,350.75942807257957
westside,2020-06-18,2046,575038,355.80257304734647
westside,2020-06-19,2076,575038,361.0196195729673
westside,2020-06-20,2124,575038,369.3668940139608
westside,2020-06-21,2146,575038,373.1927281327495
westside,2020-06-22,2182,575038,379.4531839634946
westside,2020-06-23,2236,575038,388.84386770961225
westside,2020-06-24,2260,575038,393.01750493010894
westside,2020-06-25,2305,575038,400.8430747185403
westside,2020-06-26,2333,575038,405.71231814245317
westside,2020-06-27,2396,575038,416.66811584625714
westside,2020-06-28,2460,575038,427.79781510091505
westside,2020-06-29,2511,575038,436.66679419447064
westside,2020-06-30,2558,575038,444.84016708461
westside,2020-07-01,2606,575038,453.1874415256035
westside,2020-07-02,2648,575038,460.4913066614728
westside,2020-07-06,2891,575038,502.7493835190022
westside,2020-07-07,2964,575038,515.4441967313464
westside,2020-07-08,3029,575038,526.7477975368585
westside,2020-07-09,3071,575038,534.0516626727277
