date,060000978,630011499,630013558,910000004,910000009,910000016,910000027,910000036,910000048,910000050,910000053,910000065,910000081,910000084,910000091,910000275,910000276,910000312,910000318,910000322,910000330,910000334,910000336,920000002,920000003,920000004,920000005,920000007,920000008,920000009,920000019,920000021,920000028,920000048,920000050,920000051,920000053,920000054,920000055,920000056,920000060,920000062,920000064,920000066,920000067,920000071,920000077,920000078,920000082,920000083,920000084,920000085,920000088,920000089,920000090,920000092,920000292,920000302,920000306,940000001,940000005,940000011,940000015,940000017,940000019,940000020,940000031,940000034,940000036,940000042,940000044,940000047,940000048,940000049,940000057,940000065,940000069,940000070,940000071,940000076,940000078,940000090,940000091,940000092,940000095,940000107,940000115,950000003,950000007,950000009,950000011,950000012,950000013,950000018,950000029,950000030,950000031,950000033,950000038,950000039,950000044,950000048,950000057,950000061,950000063,950000081,950000085,950000100,950000256,970000003,970000009,970000017,970000021,970000035,970000039,970000043,970000046,970000054,970000068,970000075,970000077,970000081,970000083,970000099,970000103,970000107,970000115,970000121,970000127,970000133,970000137,970000143,970000145,970000169,970000182,970000184,970000194,970000111
2020-04-21,,,,,,,,,,,,,,,,,,,,,,,,,,,,,,,,,,,,,,,,,,,,,,,,,,,,,,,,,,,,,,15,,,,,,,,,13,,,,,,,,,,,,,,,,,,,,,,,,,,,,,,,,,,,,,,,,,,,,,,,,,,,,,,,,,,,,,,,,,,12,
2020-04-22,,,,,,,,,,,,,,,,,,,,,,,,,,,,,,,,,,,,,,,,,,,,,,,,,,,,,,,,,,,,,,23,,,,,,,,,13,,,,,,,,,,,,,,,,,,,,,,,,,,,,,,,,,,,,,,,,,,,,,,,,,,,,,,,,,,,,,,,,,,13,
2020-04-23,,,,,,,,,,,,,,,,,,,,,,,,,,,,,,,,,,,,,,,,,,,,,,,13,,,,,,,,,,,,,,,23,,,,,,,,,13,,,,,,,,,,,,,,,,,,,,,,,,,,,,,,,,,,,,,,,,,,,,,,,,,,,,,,,,,,,,,,,,,,13,
2020-04-24,,,,,,,,,,,,11,,,,,11,,,,,,,,,,,,,,,,,,,,,,,,,,,,,,13,,,,,,,,,,,,,,,24,,,,,,,,,13,,,,,,,,,,,,,,,,,,,,,,,,,,,,,,,,,,,,,,,,,,,,,,,,,,,,,,,,,,,13,,,,,,,14,
2020-04-25,,,,,,,,,,,,11,,,,,12,,,,,,,,,,,,,,,,,,,,,,,,,,,,,,13,,,,,,,,,,,,,,,24,,,,,,,,,13,,,,,,,,,,,,,,,,,,,,,,,,,,,,,,,,,,,,,,,,,,,,,,,,,,,,,,,,,,,13,,,,,,,14,
2020-04-26,,,,,,,11,,,,,11,,,,,12,,,,,,,,,,,,,,,,,,,,,,,,,,,,,,13,,,,,,,,,,,,,,,24,,,,,,,,,13,,,,,,,,,,,,,,,,,,,,,,,,,,,,,,,,,,,,,,,,,,,,,,,,,,,,,,,,,,,14,,,,,,,14,
2020-04-27,,,,,,,11,,,,,11,,,,,12,,,,,,,,,,,,,,,,,,,,,,,,,,,,,,13,,,,,,,,,,,,,,,24,,,,,,,,,13,,,,,,,,,,,,,,,,,,,,,,,,,,,,,,,,,,,,,,,,,,,,,,,,,,,,,,,,,,,14,,,,,,,14,
2020-04-28,,,,,,,11,,,,,11,,,,,12,,,,,,,,,,,,,,,,,,,,,,,,,,,,,,13,,,,,,,,,,,,,,,25,,,,,,,,,14,,,,,,,,,,,,,,,,,,,,,,,,,,,,,,,,,,,,,,,,,,,,,,11,,,,,,,,,,,,,14,,,,,,,15,
2020-04-29,,,,,,,12,,,,,11,,,,,12,,,,,,,,,,,,,,,,,,,,,,,,,,,,,,14,,11,,,,,,,,,,,,,25,,,,,,,,,14,,,,,,,,,,,,,,,,,,,,,,,,,,,,,,,,,,,,,,,,,,,,,,11,,,,,,,,,,,13,,15,,,,,,,15,
2020-04-30,,,,,,,12,,,,,11,,,,,12,,,,,,,,,,,,,,,,,,,,,,,,,,,,,,15,,11,,,,,,,,,,,,11,25,,,,,,,,,14,,,,,,,,,,,,,,,,,,,,,,,,,,,,,,,,,,,,,,,,,,,,,,12,,,,,,,,12,,,14,,18,,,,,,,15,
2020-05-01,,,,,,,12,,,,,11,,,,,12,,,,,,,,11,,,,,,,,,,,,,,,,,,,,,,15,,11,,,,,,,,,,,,11,25,,,,,,,,,14,,,,,,,,,,,,,,,,,,,,,,,,,,,,,,,,,,,,,,,,,,,,,,12,,,,,,,,12,,,15,,20,,,,,,,15,
2020-05-02,,,,,,,13,,,,,11,,,,,12,,,,,,,,11,,,,,,,,,,,,,,,,,,,,,,15,,11,,,,,,,,,,,,11,25,,,,,,,,,14,,,,,,,,,,,,,,,,,,,,,,,,,,,,,,,,,,,,,,,,,,,,,,12,,,,11,,,,12,,,16,,20,,,,,,,15,
2020-05-03,,,,,,,13,,,,,11,,,,,12,,,,,,,,11,,,,,,,,,,,,,,,,,,,,,,15,,12,,,,,,,,,,,,11,25,,,,,,,,,14,,,,,,,,,,,,,,,,,,,,,,,,,,,,,,,,,,,,,,,,,,,,,,13,,,,11,,,,12,,,17,,22,,,,,,,15,
2020-05-04,,,,,,,13,,,,,11,,,,,13,,,,,,,,12,,,,,,,,,,,,,,,,,,,,,,15,,12,,,,,,,,,,,,11,25,,,,,,,,,14,,,,,,,,,,,,,,,,,,,,,,,,,,,,,,,,,,,,,,,,,,,,,,13,,,,11,,,,12,,13,17,,22,,,,,,,16,
2020-05-05,,,,,,,14,,,,,11,,,,,13,,,,,,,,12,,,,,,,,,,,,,,,,,,,,,,15,,13,,,,,,,,,,,,11,25,,,,,,,,,14,,,,,,,,,,,,,,,,,,,,,,,,,,,,,,,,,,,,,,,,,,,,,,13,,,,12,,,,12,,13,17,,23,,,12,,,,16,
2020-05-06,,,,,,,14,,,,,11,,,,,13,,,,,,,,12,,,,,,,,,,,,,,,,,,,,,,15,,13,,,,,,,,,,,,11,25,,,,,,,,,14,,,,,,,,,,,,,,,,,,,,,,,,,,,,,,,,,,,,,,,,,,,,,,13,,,,13,,,,12,,13,17,,23,,,12,,,,16,
2020-05-07,,,,,,,14,,,,,11,,,11,,13,,,,,,,,12,,,,,,,,,,,,,,,,,,,,,,15,,13,,,,,,,,,,,,11,25,,,,13,,,,,14,,,,,,,,,,,,,,,,,,,,,,,,,,,,,,,,,,,,,,,,,,,,,,13,,,,13,,,,12,,13,17,,23,,,12,,,,16,
2020-05-08,,,,,,,14,,,,,11,,,11,,13,,,,,,11,,12,,,,,,,,,,,,,,,,,,,,,,15,,14,,,,,,,,,,,,11,25,,,,13,,,,,14,,,,,,,,,,,,,,,,,,,,,,,,,,,,,,,,,,,,,,,,,,,,,,13,,,,13,,,,12,,13,20,,23,,,12,,,,16,
2020-05-09,,,,,,,14,,,,,11,,,11,,13,,,,,,11,,12,,,,,,,,,,,,,,,,,,,,,,15,,14,,,,,,,,,,,,11,25,,,,13,,,,,14,,,,,,,,,,,,,,,,,,,,,,,,,,,,,,,,,,,,,,,,,,,,,,13,,,,13,,,,12,,13,20,,23,,,12,,,,16,
2020-05-10,,,,,,,14,,,,,11,,,11,,13,,,,,,11,,12,,,,,,,,,,,,,,,,,,,,,,15,,15,,,,,,,,,,,,11,25,,,,13,,,,,14,,,,,,,,,,,,,,,,,,,,,,,,,,,,,,,,,,,,,,,12,,,,,,,13,,,,13,,,,12,,13,20,,23,,,12,,,,16,
2020-05-11,,,,,,,15,,,,,11,,,11,,13,,,,,,11,,12,,,,,,,,,,,,,,,,,,,,,,15,,15,,,,,,,,,,,,11,25,,,,13,,,,,14,,,,,,,,,,,,,,,,,,,,,,,,,,,,,,,,,,,,,,,12,,,,,,,13,,,,13,,,,12,,13,20,,23,,,12,,,,16,
2020-05-12,,,,,,,15,,,,,11,,,11,,13,,,,,,12,,12,,,,,,,,,,,,,,,,,,,,,12,15,,15,,,,,,,,,,,,11,26,,,,13,,,,,18,,,,,,,,,,,,,,,,,,,,,,,,,,,,,,,,,,,,,,,13,,,,,,,13,,,,13,,,,12,,13,20,,23,,,14,,,,16,
2020-05-13,,,,,,,15,,,,,11,,,11,,13,,,,,,12,,12,,,,,,,,,,,,,,,,,,,,,12,15,,17,,,,,,,,,,,,11,26,,,,13,,,,,18,,,,,,,,,,,,,,,,,,,,,,,,,,,,,,,,,,,,,,,13,,,,,,,13,,,,14,,,,13,,13,21,,23,,,14,,,,16,11
2020-05-14,,,,,,,15,,,,,11,,,11,,13,,,,,,12,,12,,,,,,,,,,,,,,,12,,,,,,12,15,,17,,,,,,,,,,,,11,26,,,,13,,,11,,18,,,,,,,,,,,,,,,,,,,,,,,,,,,,,,,11,,,,,,,,14,,,,,,,13,,,,14,,,,13,,13,21,,23,,,14,,,,16,12
2020-05-15,,,,,,,15,,,,,11,,,11,,13,,,,,,12,,12,,,,,,,,,,,,,,,13,,,,,,12,21,,18,,,,,,,,,,,,11,27,,,,14,,,12,,18,,,,,,,,,,,,,,,,,,,,11,,,,,,,,,,,11,,,,,14,,,17,,,,,,,13,,,,14,,,,13,,14,21,,24,,11,14,,,,16,14
2020-05-16,,,,,,,15,,,,,11,,,11,,13,,,,,,12,,12,,,,,,,,,,,,,,,13,,,,,,12,21,,18,,,,,,,,,,,,11,27,,,,14,,,12,,18,,,,,,,,,,,,,,,,,,,,11,,,,,,,,,,,11,,,,,14,,,17,,,,,,,13,,,,14,,,,13,,14,21,,24,,11,14,,,,16,16
2020-05-17,,,,,,,15,,,,,11,,,11,,13,,,,,,12,,12,,,,,,,,,,,,,,,13,,,,,,12,21,,18,,,,,,,,,,,,11,27,,,,14,,,12,,18,,,,,,,,,,,,,,,,,,,,11,,,,,,,,,,,11,,,,,14,,,17,,,,,,,13,,,,14,,,,13,,14,21,,24,,11,14,,,,16,17
2020-05-18,,,,,,,15,,,,,11,,,11,,13,,,,,,12,,12,,,12,,,,,,,,,,,,13,,,,,,12,21,,18,,,,,,,,,,,,11,27,,,,14,,,12,,18,,,,,,,,,,,,,,,,,,,,11,,,,,,,,,,,11,,,,,14,,,17,,,,,,,13,,,,14,,,,13,,14,21,,24,,11,15,,,,16,17
2020-05-19,,,,,,,15,,,,,11,,,11,,13,,,,,,12,,12,,,13,,,,,,,,,,,,13,,,,,,12,21,,19,,,,,,,,,,,,11,27,,,,14,,,12,,18,,,,,,,,,,,,,,,,,,,,11,,,,,,,,,,,11,,,,,14,,,18,,,,,,,13,,,,14,,,,13,,14,21,,24,,11,15,,,,16,18
2020-05-20,,,,,,,15,,,,,11,,,11,,13,,,,,,12,,12,,,13,,,,,,,,,,,,13,,,,,,13,21,,19,,,12,,,,,,,,,11,27,,,,14,,,12,,19,,,12,,,,,,,,,,,,,,,,,11,,,,,,,,,,,11,,,,,14,,,18,,,,,,,13,,,,14,,,,13,,14,21,,24,,11,17,,,,16,18
2020-05-21,,,,,,,15,,,,,11,,,11,,13,,,,,,12,,12,,,13,,,,,,,,,,,,13,,,,,,13,21,,19,,,13,,,,,,,,,12,27,,,,14,,,12,,19,,,12,,,,,,,,,,,,,,,,,11,,,,,,,,,,,13,,,,,14,,,18,,,,,,,13,,11,,14,,,,13,,14,21,,24,,11,17,,,,16,18
2020-05-22,,,,,,,15,,,,,11,,,11,,13,,,,,,12,,12,,,13,,,,,,,,,,,,13,,,,,,13,21,,21,,,14,,,,,,,,,12,27,,,,14,,,12,,19,,,12,,,,,,,,,,,,,,,,,11,,,,,,,,,,,13,,,,,15,,,18,12,,,,,,13,,12,,14,,,,13,,14,21,,24,,11,17,,,,16,18
2020-05-23,,,,,,,15,,,,,11,,,11,,13,,,,,,12,,12,,,13,,,,,,,,,,,,13,,,,,,13,21,,21,,,14,,,,,,,,,12,27,,,,14,,,12,,19,,,12,,,,,,,,,,,,,,,,,11,,,,,,,,,,,13,,,,,15,,,19,12,,,,,,13,,13,,14,,,,13,,14,21,,25,,11,18,,,,16,18
2020-05-24,,,,,,,15,,,,,11,,,11,,13,,,,,,12,,12,,,13,,,,,,,,,,,,13,,,,,,13,21,,21,,,15,,,,,,,,,12,27,,,,14,,,12,,19,,,12,,,,,,,,,,,,,,,,,11,,,,,,,,,,,13,,,,,15,,,19,12,,,,,,13,,14,,14,,,,13,,14,21,,25,,11,18,,,,16,18
2020-05-25,,,,,,,15,,,,,11,,,11,,13,,,,,,12,,12,,,13,,,,,,,,,,,,14,,,,,,13,21,,21,,,15,,,,,,,,,12,27,,,,14,,,12,,19,,,12,,,,,,,,,,,,,,,,,11,,,,,,,,,,,13,,,,,16,,,19,12,,,,,,13,,14,,14,,,,13,,14,21,,25,,11,18,,,,16,18
2020-05-26,,,,,,,15,,,,,11,,,11,,13,,,,,,12,,12,,,13,,,,,,,,,,,,14,,,,,,13,21,,23,,,16,,,,,,,,,12,27,,,,14,,,12,,19,,,12,,,,,,,,,,,,,,,,,11,,,,,,,,,,,13,,,,,16,,,19,12,,,,,,13,,14,,14,,,,13,,14,21,,25,,11,18,,,,16,18
2020-05-27,,,,11,,,15,,,,,11,,,12,,13,,,,,,12,,12,,,14,,,,,,,,,,,,14,,,,,,13,21,,23,,,18,,11,,,,,,,12,27,,,,15,,,12,,19,,,12,,,,,,,,,,,,,,,,,12,,,,,,,,,,,15,,,,,16,,,20,12,,,,,,13,,14,,14,,,,13,,14,21,,25,,11,18,,,,16,19
2020-05-28,,,,11,,,16,,,,,11,,,12,,13,,,,,,12,,12,,,14,,,,,,,,,,11,,14,,,,,,14,21,,23,,,18,,12,,,,,,,13,27,,,,15,,,12,,19,,,12,,,,,,,,,,,,,,,,,12,,,,,,,,,,,15,,,,,17,,,22,12,,,,,,13,,14,,14,,,,13,,14,21,,25,,11,19,,,,16,19
2020-05-29,,,,11,,,17,,,,,11,,,12,,13,,,,,,12,,12,,,15,,,,,,,,,,11,,14,,,,,,14,21,,23,,,19,,14,,,,,,,13,27,,,,15,,,12,,19,,,12,,,,,,,,,,,,,,,,,12,,,,,,,,,,,15,,,,,17,,,22,12,,,,,,13,,14,,14,,,,13,,14,21,,25,,11,19,,,,16,19
2020-05-30,,,,11,,,17,,,,,11,,,12,,13,,,,,,12,,12,,,15,,,,,,,,,,11,,14,,,,,,15,21,,23,,,19,,14,,11,,,,,13,27,,,,15,,,12,,19,,,12,,,,,,,,,,,,,,,,,12,,,,,,,,,,,16,,,,,19,,,22,12,,,,,,13,,14,,14,,,,13,,14,21,,25,,11,19,,,,16,19
2020-05-31,,,,11,,,17,,,,,11,,,12,,13,,,,,,12,,12,,,15,,,,,,,,,,11,,14,,,,,,15,21,,23,,,19,,14,,12,,,11,,13,27,,,,15,,,12,,19,,,12,,,,,,,,,,,,,,,,,12,,,,,,,,,,,16,,,,,19,,,22,12,,,,,,13,,15,,14,,,,13,,14,21,,25,,11,19,,,,16,19
2020-06-01,,,,11,,,17,,,,,11,,,12,,13,,,,,,12,,12,,,15,,,,,,,,,,12,,14,,,,,,15,21,,25,,,20,,14,,12,,,12,,14,27,,,,15,,,12,,19,,,12,,,,,,,,,,,,,,,,,12,,,,,,,,,,,16,,,,,19,,,22,12,,,,,,13,,15,,14,,,,13,,14,21,,25,,12,19,,,,16,19
2020-06-02,,,,11,,,17,,,,,11,,,12,,13,,,,,,12,,12,,,16,,,,,11,,,,,12,,14,,,,,,15,21,,25,,,20,,15,,12,,,12,,14,27,,,,15,,,12,,19,,,12,,,,,,,,,,,,,,,,,12,,,,,,,,,,,17,,,,,19,,,22,12,,,,,,14,,15,,14,,,,13,,14,21,,26,,12,19,,,,16,20
2020-06-03,,,,11,,,17,,,,,11,,,12,,13,,,,,,12,,12,,,16,,,,,12,,,,,12,,15,,,,,,16,21,,25,,,21,,15,,12,,,12,,14,27,,,,15,,,12,,19,,,12,,,,,,,,,,,,,,,,,12,,,,,,,,,,,17,,,,,20,,,22,16,,,,,,14,,15,,14,,,,13,,14,21,,26,,12,19,,,,16,20
2020-06-04,,,,11,,11,17,,,,,11,,,12,,13,,,,,,12,11,12,,,16,,,,,12,,,,,12,,15,,,,,,16,21,,26,,,21,,15,,12,,,12,,14,27,,,,15,,,12,,19,,,12,,,,,,11,,,,,,,,,,,12,,,,,,,,,,,17,,,,,20,,,22,16,,,,,,14,,15,,14,,,,13,,14,21,,26,,12,19,,,,16,20
2020-06-05,,,,11,,11,17,,,,,11,,,12,,13,,,,,,12,11,12,,,16,,,,,12,,,,,12,,15,,,,,,16,21,,26,,,21,,17,,12,,,13,,15,27,,,,15,,,12,,20,,,12,,,,,,11,,,,,,,,,,,12,,,,,,,,,,,17,,,,,20,,,22,16,,,12,,,14,,15,,14,,,,13,,14,21,,26,,12,19,,,,16,20
2020-06-06,,,,11,,11,17,,,,,11,,,12,,13,,,,,,12,11,12,,,16,,11,,,12,,,,,12,,15,,,,,,16,21,,26,,,21,,17,,12,,,13,,15,27,,,,15,,,12,,20,,,12,,,,,,11,,,,,,,,,,,12,,,,,,,,,,,18,,,,,20,,,22,16,,,12,,,14,,15,,14,,,,13,,14,21,,26,,12,19,,,,16,20
2020-06-07,,,,11,,11,18,,,,,11,,,12,,13,,,,,,12,11,12,,,16,,11,,,12,,,,,12,,15,,,,,,16,21,,26,,,21,,17,,12,,,13,,15,27,,,,15,,,12,,20,,,12,,,,,,11,,,,,,,,,,,12,,,,,,,,,,,19,,,,,20,,,22,16,,,12,,,14,,15,,14,,,,13,,14,21,,26,,12,19,,,,16,20
2020-06-08,,,,11,,11,18,,,,,11,,,12,,13,,,,,,12,11,12,,,16,,11,,,12,,,,,12,,15,,,,,,16,21,,28,,,21,,17,,12,,,13,,15,27,,,,15,,,12,,20,,,13,,,,,,11,,,,,11,,,,,,12,,,,,,,,,,,21,,,,,21,,,22,16,,,12,,,14,,15,,14,,,,13,,14,21,,26,,12,19,,,,16,20
2020-06-09,,,,11,,11,18,,,,,11,,,12,,13,,,,,,12,12,12,12,,16,,11,,,12,,,,,13,,15,,,,,,16,21,,28,,,21,,17,,12,,,13,,15,27,,,,15,,,13,,20,,,13,,,,,,11,,,,,11,,,,,,12,,,,,,,,,,,21,,,,,21,,,22,16,,,12,,,15,,15,,14,,,,13,,14,21,,26,,12,19,,,,16,20
2020-06-10,,,,11,,11,18,,,,,11,,,12,,13,,,,,,12,12,12,12,,16,,11,,,12,,11,,,15,,15,,,,,,16,21,,28,,,21,,17,,12,,,13,,15,27,,,,15,,,13,,20,,,13,,,,,,12,,,,,11,,,,,,12,,,,,,,,,,,21,,,,,21,,,22,17,,,12,,,15,,15,,14,,,,13,,14,21,,26,,12,20,,,,16,22
2020-06-11,,,,11,,11,18,,,,,11,,,12,,13,,,,,,12,12,12,12,,16,,11,,,12,,11,,,15,,15,,,,,,17,21,,28,,,21,,17,,12,,,13,,16,27,,,,15,,,13,,20,,,13,,,,,,12,,,,,11,,,,,,12,,,,,,,,,,,21,,,,,21,,,22,17,,,12,,,15,,15,,15,,,,13,,14,21,,26,,12,20,,,,16,22
2020-06-12,,,,11,,11,18,,,,,11,,,12,,13,,,,,,12,12,12,14,,16,,12,,,12,,11,,,15,,15,,,,,,17,21,,28,,,21,,17,,12,,,13,,16,27,,,,15,,,13,,20,,,13,,,,,,12,,,,,11,,,,,,12,,,,,,,,,,,21,,,,,22,,,23,17,,,12,,,15,,15,,15,,,,13,,14,21,,27,,12,20,,,,16,22
2020-06-13,,,,11,,12,18,,,,,11,,,12,,13,,,,,,12,12,12,14,,16,,12,,,12,,11,,,15,,15,,,,,,17,21,,28,,,21,,17,,12,,,13,,16,27,,,,15,,,13,,20,,,13,,,,,,12,,,,,11,,,,,,12,,,,,,,,,,,21,,,,,23,,,23,18,12,,13,,,15,,15,,15,,,,13,,14,21,,27,,12,21,,,,16,22
2020-06-14,,,,11,,12,19,,,,,11,,,12,,13,,,,,,12,12,12,14,,16,,12,,,12,,11,,,15,,15,,,,,,17,21,,28,,,21,,17,,12,,,13,,16,27,,,,15,,,13,,20,,,13,,,,,,12,,,,11,11,,,,,,12,,,,,,,,,,,21,,,,,23,,,23,18,12,,13,,,15,,15,,15,,,,13,,14,22,,27,,12,21,,,,16,22
2020-06-15,,,,11,,12,19,,,,,11,,,12,,13,,,,,,12,12,12,14,,16,,12,,,12,,11,,,15,,15,,,,,,18,21,,28,,,21,,18,,12,,,13,,16,27,,,,15,,,13,,20,,,14,,,,,,12,,,,11,11,,,,,,12,,,,11,,,,,,,21,,,,,23,,,23,18,12,,13,,,15,,15,,15,,,,13,,14,22,,27,,12,21,,,,16,22
2020-06-16,,,,11,,12,19,,,,,11,,,12,,13,,,,,,12,13,12,14,,16,,12,,,12,,11,,,15,,15,,,,,,19,21,,28,,,21,,18,,12,,,13,,16,27,,,,15,,,13,,20,,,14,,,,,,13,,,,12,11,,,,,,12,,,,11,,,,,,,21,,,,,23,,,23,19,12,,13,,,15,,15,,15,,,,13,,14,22,,28,,12,21,,,,16,22
2020-06-17,,,,11,,12,19,,,,,11,,,12,,13,,,,,,12,13,12,14,,16,,12,,,12,,11,,,15,,15,,,,,,19,21,,28,,,21,,18,,12,,,13,,16,27,,,,15,,,13,,20,,,14,,,,,,13,,,,12,11,,,,,,12,,,,11,,,,,,,21,,,,,23,,,23,19,12,,13,,,15,,15,,15,,,,13,,14,22,,28,,12,21,,,,16,22
2020-06-18,,,,11,,12,19,,,,,11,,,12,,14,,,,,,12,14,12,14,,16,,13,,,12,,11,,,15,,15,,,11,,,19,21,,28,,,21,11,18,,12,,,14,,16,27,,,,15,,,13,,20,,,14,,,,,,13,,,,12,11,,,,,,12,,,,11,,,,,,,21,,,,,23,,,23,19,14,,13,,,15,,15,,15,,,,13,,14,22,,29,,12,21,,,,16,22
2020-06-19,,,,11,,12,19,,,,,11,,,12,,14,,,,,,13,14,12,14,,16,,13,,,12,,12,,,15,,15,,,11,,,19,21,,28,,,21,11,18,,12,,,14,,16,27,,,,15,,,13,,20,,,14,,,,,,13,,,,12,11,,,,11,,12,,,,11,,,,,,,21,,,,,24,,,23,19,14,,13,,,15,,15,,15,,,,13,,14,22,,29,,12,21,,,,16,23
2020-06-20,,,,11,,12,19,,,,,11,,,12,,14,,,,,,13,14,12,14,,16,,13,,,12,,12,,,15,,15,,,11,,,19,21,,28,,,21,11,18,,13,,,14,,16,27,,,,15,,,13,,20,,,14,11,,,,,13,,,,12,11,,,,11,,12,,,,11,,,,,,,21,,,,,24,,,23,19,14,,14,,,15,,15,,15,,,,13,,14,23,,29,,12,21,,,,16,23
2020-06-21,,,,11,,12,19,,,11,,11,,,12,,14,,,,,,13,14,12,14,,16,,13,,,12,,12,,,15,,15,,,12,,,19,21,,28,,,21,11,18,,13,,,14,,16,27,,,,15,,,13,,20,11,,14,11,,,,,13,,,,12,11,,,,11,,12,,,,11,,,,,,,21,,,,,25,,,24,19,14,,14,,,15,,15,,15,,,,13,,14,23,,30,,12,21,,,,16,24
2020-06-22,,,,11,,12,19,,,11,,11,,,12,,14,,,,,,13,14,12,14,,16,,13,,,12,,12,,,15,,15,,,12,,,19,21,,29,,,21,11,20,,13,,,14,,16,27,,,,15,,,13,,20,11,,14,11,,,,,13,,,,13,11,,,,11,,12,,,,11,,,,,,,21,,,,,25,,,24,19,14,,14,,,15,,15,,15,,,,13,,14,23,,32,,12,21,,,,16,25
2020-06-23,,,,11,,12,19,,,11,,11,,,12,,14,,,,,,13,14,12,15,,16,,13,,,12,,12,,,15,,15,,,12,,11,19,21,,29,,,21,11,20,,13,,,14,,16,27,,,,15,,,13,,20,11,,14,11,,,,,14,,,,15,11,,,,11,,12,,,,11,,,,,,,21,,,,,25,,,24,19,14,,15,,,15,,15,,15,,,,13,,14,23,,32,,12,21,,,,16,25
2020-06-24,,,,11,,12,19,,,11,,11,,,12,,14,,,11,,,13,14,12,15,,16,,13,,,12,,12,,,15,,15,,,12,,11,19,21,,29,,,21,12,20,,13,,,14,,16,27,,,,15,,,13,,20,11,,14,12,,,,,14,,,,15,11,,,,12,,12,,,,11,,,,,,,21,,,,,25,,,24,19,14,,15,,,15,,15,,15,,,,13,,14,23,,32,,13,21,,,,16,25
2020-06-25,,,,11,,12,19,,,11,,11,,,12,,14,,,12,,,13,14,12,16,,16,,13,,,12,,12,,,15,,16,,,12,,11,19,21,,29,,,21,12,20,,13,,,14,,16,27,,,,15,,,13,,20,11,,14,12,,,,,14,,,,15,11,,,,12,,12,,,,11,,,,,,,21,,,,,25,,,24,19,14,,15,,,15,,15,,15,,,,13,,14,23,,32,,13,21,,,,16,26
2020-06-26,,,,11,,12,19,,,11,,11,,,12,,14,,,12,,,13,14,12,16,,16,,13,,,12,,13,,,15,,16,,,12,,11,19,21,,29,,,21,12,20,,13,,,14,,16,27,,,,15,,,14,,20,11,,14,13,,,,,14,,,,16,11,,,,13,,12,,,,11,,,,,,,21,,,,,25,,,24,20,14,,15,,,15,,15,,15,,,,13,,14,23,,32,,14,21,,,,16,26
2020-06-27,,,,11,,12,19,,,11,,11,,,12,,14,,,12,,,13,14,12,16,,16,,13,,,12,,13,,,15,,16,,,12,,11,19,21,,29,,,21,12,20,,13,,,14,,16,27,,,,15,,,14,,20,11,,14,13,,,,,14,,,,16,11,11,,,13,,12,,,,11,,,,,,,21,,,,,25,,,24,20,14,,15,,,15,,15,,15,,,,13,,14,23,,32,,14,21,,,,16,26
2020-06-28,,,,11,,12,19,,,11,,11,,,12,,14,,,12,,,13,15,12,16,,16,,13,,,12,,13,,,15,,16,,,12,,11,19,21,,29,,,21,12,20,,13,,,14,,16,27,,,,15,,,14,,20,11,,14,13,,,,,14,,,,16,11,11,,,13,,12,,,,11,,,,,,,21,,,,,25,,,24,20,14,,15,,,15,,15,,15,,,,13,,14,23,,32,,14,21,,,,16,26
2020-06-29,,,,11,,12,19,,,11,,11,,,12,,14,,11,12,,,13,15,12,16,,16,,13,,,12,,14,,,15,,16,,,12,,11,19,21,,29,,,21,14,20,,13,,,14,,16,27,,,,15,,,14,,20,11,,14,13,,,,,14,,,,16,11,11,,,13,,12,,,,11,,,,,,,21,,,,,25,,,24,20,14,,15,,,15,,15,,15,,,,13,,14,23,,32,,14,21,,,,16,26
2020-06-30,,,,11,,12,19,,,11,,11,,,12,,14,,11,12,,,13,15,12,16,,16,,13,,,12,,14,,,15,,16,,,12,,12,19,21,,30,,,21,14,20,,13,,,14,,16,27,,,,15,,,14,,20,11,,14,13,,,,,14,,,,16,11,11,,,13,,12,,,,11,,,,,,,21,,,,,25,,,24,20,14,,15,,,15,,15,,15,,,,13,,14,23,,32,,14,21,,,,16,26
2020-07-01,,,,11,,12,19,,,11,,11,,,12,,14,,11,12,,,13,15,12,16,,16,,13,,,12,,14,,,15,,16,,,12,,12,19,21,,30,,,21,14,21,,13,,,14,,16,27,,,,15,,,14,,20,11,,14,13,,,,,14,,,,16,11,11,,,13,,12,,,,11,,,,,,,21,,,,,26,,,24,20,14,,15,,,15,,15,,15,,,,13,,14,23,,32,,14,21,,,,16,27
2020-07-02,,,,11,,12,19,,,11,,11,,,12,,14,,11,12,,,13,15,12,16,,16,,13,,,12,,14,,,15,,16,,,12,,12,19,21,,30,,,22,14,21,,13,,,14,,16,27,,,,15,,,14,,20,11,,14,13,,,,,14,,,,16,11,11,,,13,,12,,,,11,,,,,,,21,,,,,26,,,24,20,14,,15,,,15,,15,,15,,,,13,,14,23,,32,,14,21,,,,16,27
2020-07-03,,,,11,,12,19,,,11,,11,,,12,,14,,11,12,,,13,16,12,16,,16,,13,,,12,,14,,,15,,16,,,12,,12,19,21,,30,,,22,14,21,,13,,,14,,16,27,,,,15,,,14,,20,11,,14,13,,,,,14,,,,16,11,11,,,13,,12,,,,11,,,,,,,21,,,,,26,,,24,20,14,,16,,,15,,15,,15,,,,13,,14,24,,32,,14,21,,,,16,28
2020-07-04,,,,11,,12,19,11,,11,,11,,,12,,14,,11,12,,,13,16,12,16,,16,,13,,,12,,14,,,15,,16,,,12,,13,19,21,,30,,,22,14,21,,13,,,14,,16,27,,,,15,,,14,,20,11,,14,13,,,,,14,,,,16,11,11,,,13,,12,,,,11,,,,,,,21,,,,,26,,,24,20,14,,16,,,15,,15,11,15,,,,13,,14,24,,32,,14,21,,,,16,28
2020-07-05,,,,11,,12,19,11,,11,,11,,,12,,14,,11,12,,,13,16,12,16,,16,,13,,,12,,14,,,15,,16,,,12,,13,19,21,,30,,,22,14,21,,13,,,14,,16,27,,,,15,,,14,,20,11,,14,13,,,,,14,,,,16,11,11,,,13,,13,,,,11,,,,,,,22,,,,,27,,,24,20,14,,16,,,15,,15,11,15,,,,13,,14,24,,32,,14,22,,,,16,28
2020-07-06,,,,11,,12,19,11,,11,,11,,,12,,14,,11,12,,,13,16,12,16,,16,,13,,,12,,14,,,15,,16,,,12,,13,19,21,,30,,,22,14,21,,13,,,14,,16,27,,,,15,,,14,,20,11,,14,13,,,,,14,,,,16,11,11,,,13,,14,,,,12,,,,,,,22,,,,,27,,,24,20,15,,16,,,15,,15,11,15,,,,13,,14,24,,32,,14,22,,,,16,28
2020-07-07,,,,11,,12,19,11,,11,,11,,,12,,14,,11,12,,,13,16,12,16,,16,,13,,,12,,14,,,15,,16,,,12,,13,19,21,,30,,,22,14,21,,13,,,14,,16,27,,,,15,,,14,,20,11,,14,13,,,,,14,,,,16,11,11,,,13,,14,,,15,12,,,,,,,22,,,,,27,,,24,20,15,,16,,,15,,15,11,15,,,,13,,14,24,,32,,14,22,,,,16,28
2020-07-08,,,,11,,12,19,11,,12,,11,,,12,,14,,11,12,,,13,16,12,16,,16,,13,,,12,,14,,,15,,16,,,12,,13,19,21,,30,,,22,14,21,,13,,,14,,16,27,,,,15,,,14,,20,11,,14,13,,,,,14,,,,16,11,11,,,13,,14,,,15,12,,,,,,,22,,,,,28,,,24,20,15,,16,,,15,,15,11,15,,,,13,,14,24,,32,,14,22,,,,16,28
2020-07-09,,,,11,,12,19,12,,12,,11,,,12,,14,,11,12,,,13,16,12,16,,16,,13,,,12,,14,,,15,,16,,,12,,13,19,21,,30,,,22,14,21,,13,,,14,,16,27,,,,15,,12,14,,20,11,,14,13,,,,,14,,,,16,11,12,,,14,,14,,,15,12,,,,,,,22,,,,,29,,,24,20,15,,16,,,15,,15,11,15,,,,13,,14,24,,32,,14,22,,,,16,29
2020-07-10,,,,11,,12,19,12,,12,,11,,,12,,14,,11,12,,,13,16,12,16,,16,,13,,,12,,14,,,15,,16,,,12,,13,20,21,,30,,,22,14,22,,13,,,14,,16,27,,,,15,,12,14,,20,11,,14,13,,,,,15,,,,16,11,12,,,14,,14,,,16,12,,,,,,,22,,,,,30,,,24,20,15,,16,,,15,,15,11,15,,,,13,,14,24,,32,,14,22,,,,16,29
2020-07-11,,,,11,,12,20,13,,12,,11,,,12,,14,,11,12,,,13,16,12,16,,16,,13,,,12,,14,,,15,,16,,,12,,13,20,21,,30,,,22,14,22,,13,,,14,,16,27,,,,15,,13,14,,20,11,,14,13,,,,,15,,,,16,11,12,,,14,,14,,,16,12,,,,,,,22,,,,,30,,,24,20,15,,16,,,15,,15,11,15,,,,13,,14,24,,32,,14,22,,,,16,29
2020-07-12,,,,11,,12,20,13,,12,,11,,,12,,14,,11,12,,,13,16,12,16,,16,,13,,,12,,14,,,15,,16,,,12,,13,20,21,,30,,,22,14,22,,13,,,14,,16,27,,,,15,,14,14,,20,11,,14,13,,,,,15,,,,16,11,12,,,15,,14,,,16,12,,,,,,,22,,,,,30,,,24,20,15,,16,,,15,,15,11,15,,,,13,,14,24,,32,,14,22,,,,16,29
2020-07-13,,,,11,,12,20,13,,12,,11,,,12,,14,,11,12,,,13,16,12,16,,16,,13,,,12,,14,,,15,,16,,,12,,13,20,21,,30,,,22,14,22,,13,,,14,,16,27,,,,15,,14,14,,20,11,,14,13,,,,,15,,,,16,11,12,,,15,,14,,,16,12,,,,,,,22,,,,,31,,,24,20,15,,16,,,15,,15,11,15,,,,13,,14,24,,32,,14,22,,,,16,31
2020-07-14,,,,11,,12,20,13,,13,,11,,,12,,14,,11,12,,,13,16,12,16,,16,,13,,,12,,14,,,15,,16,,,12,,13,20,21,,30,,,22,14,22,,13,,,14,,16,27,,,,15,,14,14,,20,11,,14,14,,,,,15,,,,16,11,12,,,15,,14,,,16,12,,,,,,,22,,,,,31,,,24,20,15,,16,,,15,,15,11,15,,,,13,,14,24,,32,,14,22,,,,16,31
2020-07-15,,,,11,,12,20,13,,13,,11,,,12,,14,,11,12,,,13,16,12,16,11,16,,13,,,12,,14,,,15,,16,,,12,,13,20,21,,30,,,22,14,22,,13,,,14,,16,27,,,,15,,14,14,,20,11,,14,14,,,,,15,11,,,16,11,12,,,15,,14,,,17,12,,,,,,,22,,,,,31,,,24,20,16,,16,,,15,,15,11,15,,,,13,,14,24,,32,,14,22,,,,16,31
2020-07-16,,,,11,,12,20,13,,13,,11,,,12,,14,,11,12,,,13,17,12,16,11,16,,13,,,12,,14,,,15,,16,,,12,,13,20,21,,30,,,22,14,22,,13,,,14,,16,27,,,,15,,14,14,,20,11,,14,14,,,,,15,11,,,16,11,12,,,15,,14,,,17,12,,,,,,,22,,,,,33,,,24,20,16,,17,,,15,,15,11,15,,,,13,,14,24,,32,,14,22,,,,16,31
2020-07-17,,,,11,,12,20,13,,13,,11,,,12,,14,,11,12,,,13,17,12,16,13,16,,13,,,12,,14,,,15,,16,,,12,,13,20,21,,30,,,22,14,22,,13,,,14,,16,27,,,,15,,14,14,,20,11,,14,14,,,,,15,11,,,16,11,12,,,15,,14,,,20,12,,,,,,,22,,,,,33,,,24,20,16,,17,,,15,,15,11,15,,,,13,,14,24,,32,,14,22,,,,16,31
2020-07-18,,,,11,,12,20,13,,13,,11,,,12,,14,,11,12,,,13,17,12,16,13,16,,13,,,12,,14,,,15,,16,,,12,,13,20,21,,30,,,22,14,22,,13,,,14,,16,27,,,,15,,14,14,,20,11,,14,14,,,,,15,11,,,16,11,12,,,15,,14,,,21,12,,,,,,,22,,,,,33,,,24,20,16,,17,,,15,,15,11,15,,,,13,,14,24,,32,,14,22,,,,16,32
2020-07-19,,,,11,,12,20,13,,13,,11,,,12,,14,,11,12,,,13,17,12,16,13,16,,13,,,12,,14,,,15,,16,,,12,,13,20,21,,30,,,22,14,22,,13,,,14,,16,27,,,,15,,14,14,,20,11,,14,14,,,,,15,11,,,16,12,12,,,15,,14,,,21,12,,,,,,,22,,,,,33,,,24,20,16,,17,,,15,,15,11,15,,,,13,,14,24,,32,,14,22,,,,16,32
2020-07-20,,,,11,,12,20,13,,13,,11,,,12,,14,,11,12,,,13,17,12,16,13,16,,13,,,12,,14,,,15,,16,,,12,,14,20,21,,30,,,22,15,22,,13,,,14,,16,27,,,,15,,14,14,,20,11,,14,14,,11,,,15,11,,,16,12,12,,,15,,14,,,21,12,,,,,,,22,,,,,33,,,24,20,16,,17,,,15,,15,11,15,,,,13,,14,24,,32,,14,22,,,,16,32
2020-07-21,,,,11,,12,20,13,,13,,11,,,12,,14,,11,12,,,13,17,12,16,13,16,,13,,,12,,14,,,15,,16,,,12,,14,20,21,,30,,,22,15,22,,13,,,14,,16,27,,,,15,,14,14,,20,11,,14,14,,12,,,15,11,,,16,12,12,,,15,,14,,,21,12,,,,,,,22,,,,,33,,,24,20,16,,17,,,15,,15,11,15,,,,13,,14,24,,32,,14,22,,,,16,32
2020-07-22,,,,11,,12,20,13,,13,,11,,,12,,14,,11,13,,,13,17,12,16,13,16,,13,,,12,,14,,,15,,16,,,12,,14,20,21,,30,,,22,15,22,,13,,,14,,16,27,,,,15,,14,14,,20,11,,14,14,,12,,,15,11,,,16,12,12,,,15,,14,,,21,12,,,,,,,22,,,,,33,,,24,20,16,,17,,,15,,15,11,15,,,,13,,14,24,,32,,14,22,,,,16,32
2020-07-23,,,,11,,12,20,13,,13,,11,,,12,,14,,12,13,,,13,17,12,16,13,16,,13,,,12,,14,,,15,,16,,,12,,14,20,21,,30,,,22,15,22,,13,,,14,,16,27,,,,15,,14,14,,20,11,,14,14,,12,,,15,11,,,16,12,12,,,15,,14,,,21,12,,,,,,,22,,,,,33,,,24,20,16,,18,,,15,,15,11,15,,,,13,,14,24,,32,,14,22,,,,16,32
2020-07-24,,,,11,,12,20,13,,13,,11,,,12,,14,,12,13,,,13,17,12,16,13,16,,13,,,12,,14,,,15,,16,,,12,,14,20,21,,30,,,22,15,22,,13,,,14,,16,27,,,,15,,14,14,,20,11,,14,14,,13,,,15,11,,,16,12,12,,,15,,14,,,21,12,,,,,,,22,,,,,33,,,24,20,16,,18,,,15,,15,11,15,,,,13,11,14,24,,33,,14,22,,,,16,32
2020-07-25,,,,11,,12,20,13,,13,,11,,,12,,14,,12,13,,,13,17,12,16,13,16,,13,,,12,,14,,,15,,16,,,12,,14,20,21,,30,,,22,15,22,,13,,,14,,16,27,,,,15,,14,14,,20,11,,15,14,,13,,,15,11,,,16,12,12,,,17,,14,,,21,12,,,,,,,22,,,,,33,,,24,20,16,,18,,,15,,15,11,15,,,,13,11,14,24,,33,,14,22,,,,16,32
2020-07-26,,,,11,,12,20,13,,13,,11,,,12,,14,,12,13,,,13,17,12,16,13,16,,13,,,12,,14,,,15,,16,,,12,,14,20,21,,30,,,22,15,22,,13,,,14,,16,27,,,,15,,14,14,,20,11,,15,14,,13,,,15,11,,,16,12,12,,,17,,14,,,22,12,,,11,,,,22,,,,,33,,,24,20,16,,18,,,15,,15,11,15,,,,13,11,14,24,,33,,14,22,,,,16,32
2020-07-27,,,,11,,14,20,14,,13,,11,,,12,,14,,12,13,,,13,17,12,16,13,16,,13,,,12,,14,,,15,,16,,,12,,14,21,21,,30,,,22,15,22,,13,,,14,,16,27,,,,15,,14,14,,21,11,,15,14,,13,,,15,12,,,16,12,13,,,17,,14,,,22,12,,,14,,,,22,,,,,34,,,24,20,16,,18,,,15,,15,11,15,,,,13,11,14,24,,33,,14,22,,,,16,33
2020-07-28,,,,11,,15,20,14,,13,,11,,,12,,14,,12,13,,,13,17,12,16,13,16,,13,,,12,,14,,,15,,16,,,12,,15,21,21,,30,,,22,15,22,,13,,,14,,16,27,,,,15,,14,14,,21,11,,15,14,,13,,,15,12,,,16,12,13,,,17,,14,,,23,12,,,14,,,,22,,,,,34,,,24,20,16,,18,,,15,,15,11,15,,,,13,11,14,24,,33,,14,22,,,,16,33
2020-07-29,,,,11,,16,20,14,,14,,11,,,13,,14,,12,13,,,13,18,12,16,13,16,,13,,,12,,14,,,15,,16,,,12,,15,21,21,,30,,,22,15,22,,13,,,14,,16,27,,,,15,,14,14,,21,11,,15,14,,14,,,15,12,,,16,12,13,,,17,,14,,,23,12,,,14,,,,22,,,,,36,,,24,20,16,,18,,,15,,15,11,15,,,,13,11,14,24,,33,,14,22,,,,16,33
2020-07-30,,,,11,,16,20,14,,14,,11,,,13,,14,,12,13,,,13,18,12,16,13,16,,13,11,,12,,14,,,15,,17,,,12,,15,21,21,,30,,,22,15,22,,13,,,14,,16,27,,,,15,,14,14,,21,11,,15,14,,14,,,15,12,,,16,12,13,,,18,,14,,,23,12,,,14,,,,22,,,,,36,,,24,20,16,,18,,,15,,15,11,15,,,,13,11,14,24,,33,,14,22,,,,16,33
2020-07-31,,,,11,,16,20,14,,14,,11,,,13,,14,,12,13,,,13,18,12,16,13,16,,13,11,,12,,14,,,15,,18,,,12,,15,22,21,,30,,,22,15,22,,13,,,14,,16,27,,,,15,11,14,14,,21,11,,15,14,,14,,,15,12,,,16,12,13,,,18,,14,,,23,12,,,14,,,11,22,,,,,36,,,24,20,16,,18,,,15,,15,11,15,,,,13,11,14,24,,33,,14,22,,,,16,33
2020-08-01,,,,11,,16,20,14,,14,,11,,,13,,14,,12,13,,,13,18,12,16,13,16,,13,11,,12,,14,,,15,,18,,,12,,15,22,21,,30,,,22,16,22,,13,,,14,,16,27,,,,15,11,14,14,,21,11,,15,14,,14,,,15,12,,,16,12,13,,,18,,14,,,24,12,,,14,,,11,22,,,,,36,,,24,20,16,,18,,,15,,15,11,15,,,,13,11,14,24,,33,,14,22,,,,16,34
2020-08-02,,,,11,,16,20,14,,14,,11,,,13,,14,,12,13,,,13,18,12,16,13,16,,13,11,,12,,14,,,15,,18,,,12,,15,22,21,,30,,,22,16,22,,13,,,14,,16,27,,,,15,11,14,14,,21,11,,15,14,,14,,,15,12,,,16,12,13,,,18,,14,,,24,12,,,14,,,11,22,,,,,36,,,24,20,16,,18,,,15,,15,11,15,,,,13,11,14,25,,33,,14,22,,,,16,35
2020-08-03,,,,11,,16,20,14,,14,,11,,,13,,14,,12,13,,,13,18,12,16,13,16,,13,11,,12,,14,,,15,,18,,,12,,15,22,21,,30,,,22,17,22,,13,,,14,,16,27,,,,15,11,14,14,,21,11,11,15,14,,14,,,15,12,,,16,12,13,,,18,,14,,,24,12,,,14,,,11,22,,,,,36,,,24,20,16,,18,,,15,,15,11,15,,,,13,11,14,25,,33,,14,22,,,,16,35
2020-08-04,,,,11,,16,20,14,,14,,11,,,13,,14,,12,13,,,13,18,12,16,13,16,,13,11,,12,,14,,,15,,18,,,12,,15,23,21,,30,,,22,17,22,,13,,,14,,16,27,,,,15,11,14,14,,21,11,11,15,14,,14,,,15,12,,,16,12,13,,,18,,14,,,24,12,,,14,,,11,22,,,,,36,,,24,20,16,,18,,,15,,15,11,15,,,,13,11,14,25,,33,,15,22,,,,16,35
2020-08-05,,,,11,,16,20,14,,14,,11,,,13,,14,,12,13,,,13,18,12,16,13,16,,13,11,,12,,14,,,15,,18,,,12,,15,24,21,,30,,,22,17,22,,13,,,14,,16,27,,,,15,11,14,14,,21,11,11,15,14,,14,,,15,12,,,16,12,13,,,18,,14,,,24,12,,,14,,,11,22,,,,,36,,,24,20,16,,18,,,15,,15,12,15,,,,13,11,14,25,,33,,15,22,,,,16,35
2020-08-06,,,,11,,17,21,14,,14,,11,,,13,,14,,12,13,,,13,18,12,16,13,16,,13,11,,12,,14,,,15,,18,,,12,,15,24,21,,30,,,22,17,22,,13,,,14,,16,27,,,,15,11,14,14,,22,11,11,15,14,,14,,,15,12,,,16,12,13,,,18,,14,,,24,12,,,14,,,11,22,,,,,36,,,24,20,16,,18,,,15,,15,12,15,,,,13,11,14,25,,33,,15,22,,,,16,35
2020-08-07,,,,11,,18,21,14,,14,,11,,,13,,14,,12,13,,,13,18,12,16,13,16,,13,11,,12,,14,,,15,,18,,,12,,15,24,21,,30,,,22,18,22,,13,,,14,,16,27,,,,15,11,14,14,,22,11,11,15,14,,14,,,15,12,,,16,12,13,,,18,,14,,,24,12,,,14,,,11,22,,,,,36,,,24,20,16,,18,,,15,,15,12,15,,,,13,11,14,25,,33,,15,22,,,,16,35
2020-08-08,,,,11,,18,21,14,,14,,11,,,13,,14,,12,13,,,13,18,12,16,13,16,,13,11,,12,,14,,,15,,18,,,12,,15,24,21,,30,,,22,18,22,,13,,,14,,16,27,,,,15,11,14,14,,22,11,11,15,14,,14,,,15,12,,,16,12,13,,,18,,14,,,24,12,,,14,,,11,22,,,,,36,,,24,20,16,,18,,,15,,15,12,15,,,,13,11,14,25,,33,,15,23,,,,16,35
2020-08-09,,,,11,,18,21,14,,14,,11,,,13,,14,,12,13,,,13,18,12,16,13,16,,13,11,,12,,14,,,15,,18,,,12,,15,24,21,,30,,,22,18,22,,13,,,14,,16,27,,,,15,11,14,14,,22,11,11,15,14,,14,,,15,12,,,16,12,13,,,18,,14,,,24,12,,,14,,,11,23,,,,,36,,,24,20,16,,18,,,15,,15,12,15,,,,13,11,14,25,,33,,15,23,,,,16,35
2020-08-10,,,,11,,18,21,15,,14,,11,,,13,,14,,12,13,,,13,18,12,16,13,16,,13,11,,12,,14,,,15,,19,,,12,,15,24,21,,30,,,22,18,22,,13,,,14,,16,27,,,,15,11,14,14,,22,11,11,15,14,,14,,,15,12,,,16,12,13,,,18,,14,,,24,12,,,14,,,11,23,,,,,36,,,24,20,16,,18,,,15,,15,12,15,,,,13,11,14,25,,33,,15,23,,,,16,35
2020-08-11,,,,11,,18,21,15,,14,,11,,,13,,14,,12,13,,,13,19,12,16,13,16,,13,11,,12,,14,,,15,,19,,,12,,15,24,21,,30,,,22,18,22,,13,,,14,,16,27,,,,15,11,14,14,,22,11,11,15,14,,14,,,15,12,,,16,12,13,,,18,,14,,,24,12,,,14,,,11,23,,,,,36,,,24,20,16,,18,,,15,,15,12,15,,,,13,11,14,25,,33,,15,23,,,,16,35
2020-08-12,,,,11,,19,21,16,,14,,11,,,13,,14,,12,13,,,13,19,12,16,13,16,,13,11,,12,,14,,,15,,19,,,12,,15,24,21,,30,,,22,19,22,,13,,,14,,16,27,,,,15,11,14,14,,22,11,11,15,14,,14,,,15,12,,,16,12,13,,,18,,14,,,24,12,,,14,,,11,24,,,,,36,,,24,20,16,,18,,,15,,15,12,15,,,,13,11,14,25,,33,,15,23,,,,16,37
2020-08-13,,,,11,,20,21,16,,14,,11,,,13,,14,,12,13,,,13,19,12,16,13,16,,13,11,,12,,14,,,15,,19,,,12,,15,24,21,,30,,,22,19,22,,13,,,14,,16,27,,,,15,11,14,14,,22,11,11,15,14,,14,,,15,12,,,16,12,13,,,18,,14,,,24,12,,,14,,,11,24,,,,,37,,,24,20,16,,18,,,15,,15,12,15,,,,13,11,14,25,,33,,15,23,,,,16,39
2020-08-14,11,,,11,,20,21,16,,14,,11,,,13,,14,,12,13,,,13,19,12,16,13,16,,13,11,,12,,14,,,15,,19,,,12,,15,24,21,,30,,,22,19,22,,13,,,14,,16,27,,,,15,11,14,14,,22,11,11,15,14,,14,,,15,12,,,16,12,13,,,18,,14,,,24,12,,,14,,,11,25,,,,,37,,,24,20,16,,18,,,15,,15,12,15,,,,13,11,14,25,,33,,15,23,,,,16,39
2020-08-15,11,,,11,,20,21,16,,15,,11,,,13,,14,,12,13,,,13,19,12,16,13,16,,13,11,,12,,14,,,15,,19,,,12,,15,24,21,,30,,,22,19,22,,13,,,14,,16,27,,,,15,11,14,14,,22,11,11,15,14,11,14,,,15,12,,,16,12,13,,,18,11,14,,,24,12,,,14,11,,11,25,,,,,37,,,24,20,16,,18,,,15,,15,12,15,,,,13,11,14,25,,33,,15,23,,,,16,39
2020-08-16,11,,,11,,20,21,16,,15,,11,,,13,,14,,13,13,,,13,19,12,16,13,16,,13,11,,12,,14,,,15,,19,,,12,,15,24,21,,30,,,22,19,22,,13,,,14,,16,27,,,,15,11,14,14,,22,11,11,15,14,11,14,,,15,12,,,16,12,13,,,18,11,14,,,24,12,,,14,11,,11,25,,,,,37,,,24,20,16,,18,,,15,,15,12,15,,,,13,11,14,25,,33,,15,23,,,,16,39
2020-08-17,12,,,11,,20,22,16,,15,,11,,,13,,14,,13,13,,,13,19,12,16,13,16,,13,11,,12,,14,,,15,,19,,,12,,15,24,21,,30,,,22,19,22,,13,,,14,,16,27,,,,15,11,14,14,,22,11,11,15,14,11,14,,,15,12,,,16,12,13,,,18,11,14,,,24,12,,,14,11,,11,25,,,,,37,,,24,20,16,,19,,,15,,15,12,15,,,,13,11,14,25,,33,,15,23,,,,16,39
2020-08-18,14,,,11,,20,22,16,,15,,11,,,13,,14,,13,13,,,13,19,12,16,13,16,,13,11,,12,,14,,,15,,19,,,12,,15,24,21,,30,,,22,19,22,,13,,,14,,16,27,,,,15,11,14,14,,22,11,11,15,14,11,14,,,15,12,,,16,12,13,,,18,11,14,,,24,12,,,15,12,,11,25,,,,,37,,,24,20,16,,19,,,15,,15,12,15,,,,13,11,14,25,,33,,15,23,,,,16,39
2020-08-19,14,,,11,,20,22,16,,15,,11,,,13,,14,,13,13,,,13,19,12,16,13,16,,13,11,,12,,14,,,15,,19,,,12,,15,24,21,,30,,,22,19,22,,13,,,14,,16,27,,,,15,11,14,14,,22,11,11,15,14,11,14,,,15,12,,,16,12,13,,,18,12,14,,,24,12,,,15,13,,11,25,,,,,37,,,24,20,16,,19,,,15,,15,12,15,,,,13,11,14,25,,33,,15,23,,,,16,39
2020-08-20,15,,,11,,22,22,16,,15,,11,,,13,,14,,13,13,,,13,19,12,16,13,16,,13,11,,12,,14,,,15,,19,,,12,,15,24,21,,30,,,22,19,22,,13,,,14,,16,27,,,,15,11,14,14,,22,11,11,15,14,11,14,,,15,12,,,16,12,13,,,18,12,14,,,24,12,,,15,13,,11,25,,,,,37,,,24,20,16,,19,,,15,,15,12,15,,,,13,11,14,25,,33,,15,23,,,,16,39
2020-08-21,15,,,11,,22,22,16,,15,,11,,,13,,14,,13,13,,,13,19,12,16,13,16,,13,11,,12,,14,,,15,,19,,,12,,15,24,21,,30,,,22,19,22,,13,,,14,,16,27,,,,15,11,14,14,,22,11,11,15,14,11,14,,,15,12,,,16,12,13,,,18,12,14,,,24,12,,,15,13,,11,25,,,,,38,,,24,20,16,,19,,,15,,15,12,15,,,,13,11,14,25,,33,,15,23,,,,16,39
2020-08-22,15,,,11,,22,22,16,,15,,11,,,13,,14,,13,13,,,13,19,12,16,13,16,,13,11,,12,,14,,,15,,19,,,12,,15,24,21,,30,,,22,19,22,,13,,,14,,16,27,,,,15,11,14,14,,22,11,11,15,14,11,14,,,15,12,,,16,12,13,,,18,13,14,,,24,12,,,15,13,,11,25,,,,,38,,,24,20,16,,19,,,15,,15,12,15,,,,13,11,14,25,,33,,15,23,,,,16,39
2020-08-23,15,,,11,,22,22,16,,15,,11,,,13,,14,,13,13,,,13,19,12,16,13,16,,13,11,,12,,14,,,15,,19,,,12,,15,24,21,,30,,,22,19,22,,13,,,14,,16,27,,,,15,11,14,14,,22,11,11,15,14,12,14,,,15,12,,,16,12,13,,,18,13,14,,,24,12,,,15,13,,11,25,,,,,38,,,24,20,16,,19,,,15,,15,12,15,,,,13,11,14,25,,33,,15,23,,,,16,40
2020-08-24,16,,,11,,23,23,16,,15,,11,,,13,,14,,13,13,,,13,19,12,16,13,16,,13,11,,12,,14,,,15,,19,,,12,,15,24,21,,30,,,22,19,22,,13,,,14,,16,27,,,,15,11,14,14,,22,11,11,15,14,12,15,,,15,12,,,16,12,13,,,18,13,14,,,24,12,,,15,13,,11,25,,,,,38,,,24,20,16,,19,,,15,,15,12,15,,,,13,11,14,26,,33,,15,23,,,,16,40
2020-08-25,16,,,11,,23,23,16,,15,,11,,,13,,14,,13,13,,,13,19,12,16,13,16,,13,11,,12,,14,,,15,,19,,,12,,15,24,21,,30,,,22,19,22,,13,,,14,,16,27,,,,15,11,14,14,,22,11,11,15,14,12,15,,,15,12,,,16,12,13,,,18,13,14,,,24,12,,,15,13,,11,25,,,,,38,,,24,20,16,,19,,,15,,15,12,15,,,,13,11,14,26,,33,,15,24,,,,16,40
2020-08-26,16,,,11,,23,23,16,,15,,11,,,13,,14,,13,13,,,13,19,12,16,13,16,,13,11,,12,,14,,,15,,19,,,12,,15,24,21,,30,,,22,21,22,,13,,,14,,16,27,,,,15,11,14,14,,22,11,11,15,14,12,15,,,15,12,,,17,12,13,,,18,13,15,,,24,12,,,15,13,,11,25,,,,,38,,,24,20,16,,19,,,15,,15,12,15,,,,13,11,14,26,,33,,15,24,,,,16,40
2020-08-27,16,,,11,,23,23,17,,15,,11,,,13,,14,,13,13,,,13,19,12,16,13,16,,13,11,,12,,14,,,15,,19,,,12,,15,24,21,,30,,,22,21,22,,13,,,14,,16,27,,,,15,11,14,14,,22,11,11,15,14,12,16,,,15,12,,,17,12,13,,,18,14,15,,,24,12,,,15,14,,11,26,,,,,38,,,24,20,16,,19,,,15,,15,12,15,,,,13,11,14,26,,33,,15,24,,,,16,40
2020-08-28,16,,,11,,23,23,17,,15,,11,,,13,11,14,,13,13,,,13,19,12,16,13,16,,13,11,,12,,14,,,15,,19,,,12,,15,24,21,,30,,,22,21,22,,13,,,14,,16,27,,,,15,11,14,14,,22,11,11,15,14,12,16,,,15,12,,,17,12,13,,,18,14,15,,,24,12,,,15,15,,11,26,,,,,38,,,24,20,16,,19,,,15,,15,12,15,,,,13,11,14,26,,33,,15,24,,,,16,40
2020-08-29,16,,,11,,24,23,17,,15,,11,,,13,11,14,,13,13,,,13,19,12,16,13,16,,13,11,,12,,14,,,15,,19,,,12,,15,24,21,,30,,,22,21,22,,13,,,14,,16,27,,,,15,11,14,14,,22,11,11,15,14,12,16,,,15,12,,,17,12,13,,,18,14,15,,,24,12,,,15,16,,11,27,,,,,38,,,24,20,16,,19,,,15,,15,12,15,,,,13,11,14,26,,33,,15,25,,,,16,40
2020-08-30,16,,,11,,24,23,17,,15,,11,,,13,11,14,,13,13,,,13,19,12,16,13,16,,13,11,,12,,14,,,15,,19,,,12,,15,24,21,,30,,,22,21,22,,13,,,14,,16,27,,,,15,11,14,14,,22,11,11,15,14,12,16,,,15,12,,,17,12,13,,,18,14,15,,,24,12,,,15,16,,11,27,,,,11,38,,,24,20,16,,19,,,15,,15,12,15,,,,13,11,14,26,,33,,15,25,,,,16,40
2020-08-31,16,,,11,,24,23,17,,15,,11,,,13,11,14,,13,13,,,13,19,12,16,13,16,,13,11,,12,,14,,,15,,19,,,12,11,15,24,21,,30,,,22,21,22,,13,,,14,,16,27,,,,15,11,14,14,,22,11,11,15,14,12,16,,,15,12,,,17,12,13,,,18,14,15,,,24,12,,,15,16,,11,27,,,,11,38,,,24,20,16,,19,,,15,,15,12,15,,,,13,11,14,26,,33,,15,25,,,,16,40
2020-09-01,16,,,11,,24,23,17,,15,,11,,,14,11,14,,13,13,,,13,19,12,16,13,16,,13,11,,12,,14,,,15,,19,,,12,11,15,24,21,,30,,,22,21,22,,13,,,14,,16,27,,,,15,11,14,14,,22,11,11,15,14,12,16,,,15,12,,,17,12,13,,,18,14,15,,,24,12,,,15,18,,11,27,,,,11,38,,,24,20,16,,19,,,15,,15,12,15,,,,13,11,14,26,,33,,15,25,,,,16,40
2020-09-02,16,,,11,,24,23,17,,15,,11,,,14,11,14,,13,13,,,13,19,12,16,13,16,,13,11,,12,,14,,,15,,19,,,12,12,15,24,21,,30,,,22,21,22,,13,,,15,,16,27,,,,15,11,14,14,,22,11,11,15,14,12,16,,,15,12,,,17,12,13,,,18,14,15,,,24,12,,,15,19,,11,27,,,,12,38,,,24,20,16,,19,,,15,,15,12,15,,,,13,11,14,26,,33,,15,25,11,,,16,40
2020-09-03,16,,,11,,24,23,17,,15,,11,,,14,11,14,,13,13,,,13,19,12,16,13,16,,13,11,,12,,14,,,15,,19,,,12,12,15,24,21,,30,,,22,21,22,,13,,,15,,16,27,,,,15,11,14,14,,22,11,11,15,14,12,16,,,15,12,,,17,12,13,,,18,14,15,,,24,13,,,15,19,,11,27,,,,12,38,,,24,20,16,,19,,,15,,15,12,15,,,,13,11,14,26,,33,,15,25,11,,,16,40
2020-09-04,16,,,11,,24,23,17,,15,,11,,,14,11,14,,13,13,,,13,19,12,16,13,16,,13,11,,12,,14,,,15,,19,,,12,12,15,24,21,,30,,,22,22,22,,13,,,15,,16,27,,,,15,11,14,14,,22,11,11,15,14,12,16,,,15,13,,,17,12,13,,,18,14,15,,,24,13,,,15,20,,11,27,,,,12,38,,,24,20,16,,19,,,15,,15,12,15,,,,13,11,14,26,,33,,15,25,11,,,16,40
2020-09-05,16,,,11,,24,23,17,,15,,11,,,14,11,14,,13,13,,,13,19,12,16,14,17,,13,11,,12,,14,,,15,,19,,,12,12,15,24,21,,30,,,22,23,22,,13,,,15,,16,27,,,,15,11,14,14,,22,11,11,15,14,12,16,,,15,13,,,17,12,13,,,18,14,15,,,24,13,,,15,20,,11,27,,,,12,38,,,24,20,16,,19,,,15,,15,12,15,,,,13,11,14,26,,33,,15,25,11,,,16,40
2020-09-06,16,,,11,,24,23,17,,15,,11,,,14,11,14,,13,13,,,13,19,12,16,14,17,,13,11,,12,,14,,,15,,19,,,12,12,15,24,21,,30,,,22,23,22,,13,,,15,,16,27,,,,15,11,14,14,,22,11,11,15,14,12,16,,,15,13,,,17,12,13,,,18,14,15,,,24,13,,,15,20,,11,27,,,,12,38,,,24,20,16,,19,,,15,,15,12,15,,,,13,11,14,26,,33,,15,25,11,,,16,40
2020-09-07,16,,,11,,24,23,17,,15,,11,,,14,11,14,,13,13,,,13,19,12,16,14,17,,13,11,,12,,14,,,15,,19,,11,12,12,15,24,21,,30,,,22,23,22,,13,,,15,,16,27,,,,15,11,14,14,,22,11,11,15,14,12,16,,,15,13,,,17,12,13,,,18,14,15,,,24,13,,,15,20,,11,27,,,,12,38,,,24,20,16,,19,,,15,,15,12,15,,,,13,11,14,26,,33,,15,25,11,,,16,40
2020-09-08,16,,,11,,24,23,17,,15,,11,,,14,11,14,,13,13,,,13,19,12,16,14,17,,13,11,,12,,14,,,15,,19,,11,12,12,15,24,21,,30,,,22,23,22,,13,11,,15,,16,27,,,,15,11,14,14,,22,11,11,15,14,12,16,,,15,14,,,17,12,13,,,18,14,15,,,24,13,,,15,21,,11,27,,,,12,38,,,24,20,16,,19,,,15,,15,12,15,11,,,13,11,14,26,,33,,15,25,13,,,16,40
2020-09-09,16,,,11,,24,23,17,,15,,11,,,14,11,14,,13,13,,,13,19,12,16,14,17,,13,11,,12,,14,,,15,,19,,11,12,12,15,24,21,,30,,,22,23,22,,13,12,,16,,16,27,,,,15,11,14,14,,22,11,11,15,14,12,16,,,15,15,,,17,12,13,,,18,14,15,,,24,13,,,15,22,,11,27,,,,12,38,,,24,20,16,,19,,,15,,15,12,15,11,,,13,11,14,26,,33,,15,25,13,,,16,40
2020-09-10,16,,,11,,24,23,17,,15,,11,,,14,11,14,,13,13,,,13,19,12,16,14,17,,13,11,,12,,14,,,15,,19,,11,12,12,15,24,21,,30,,,22,23,22,,13,13,,16,,16,27,,,,15,11,14,14,,22,11,11,15,14,12,16,,,15,15,,,17,12,13,,,18,14,15,,,24,13,,,15,22,,11,27,,,,12,38,,,24,20,16,,19,,,15,,15,12,15,11,,,13,11,14,26,,33,,15,25,14,,,16,40
2020-09-11,16,,,11,,24,23,17,,15,,11,,,14,11,14,,13,13,,,13,19,12,16,14,17,,13,11,,12,,14,,,15,,19,,11,12,12,15,24,21,,30,,,22,24,22,,13,14,,16,,16,27,,,,15,11,14,14,,22,11,11,15,14,12,16,,,15,15,,,17,12,13,,,18,14,15,,,24,13,,,15,22,,11,27,,,,12,38,,,24,20,16,,19,,,15,,15,12,15,11,,,13,11,14,26,,33,,15,25,14,,,16,40
2020-09-12,16,,,11,,24,23,17,,15,,11,,,14,11,14,,13,13,,,13,19,12,16,14,17,,13,11,,12,,14,,,15,,19,,11,12,12,15,24,21,,30,,,22,24,22,,13,14,,16,,16,27,,,,15,11,14,14,,22,11,11,15,14,12,16,,,15,15,,,17,12,13,,,18,14,15,,,24,13,,,15,22,,11,27,,,,12,38,,,24,20,16,,19,,,15,,15,12,15,11,,,13,11,14,26,,33,,15,25,14,,,16,40
2020-09-13,16,,,11,,24,23,17,,15,,11,,,14,11,14,,13,13,,,13,19,12,16,14,17,,13,11,,12,,14,,,15,,19,,11,12,12,15,24,21,,30,,,22,24,22,,13,14,,16,,16,27,,,,15,11,14,15,,22,11,11,15,14,12,16,,,15,15,,,17,12,13,,,18,14,15,,,24,13,,,15,22,,11,27,,,,12,38,,,24,20,16,,19,,,15,,15,12,15,11,,,13,11,14,26,,33,,15,25,14,,,16,40
2020-09-14,16,,,11,,24,24,17,,15,,11,,,14,11,14,,13,13,,,13,19,12,16,14,17,,13,11,,12,,14,,,15,,19,,11,12,13,15,24,21,,30,,,22,24,22,,13,17,,16,,16,27,,,,15,11,14,15,,22,11,11,15,14,12,16,,,15,15,,,17,12,13,,,18,14,15,,,24,13,,,15,22,,11,27,,,,12,38,,,24,20,16,,19,,,15,,15,12,15,11,,,13,11,14,26,,33,,15,25,14,,,16,40
2020-09-15,17,,,11,,24,24,17,,15,,11,,,14,11,14,,13,13,,,13,19,12,16,14,17,,13,11,,12,,14,,,15,,19,,11,12,13,15,24,21,,30,,,22,24,22,,13,17,,16,,16,27,,,,15,11,14,15,,22,11,11,15,14,12,16,,,15,15,,,17,12,13,,,18,14,15,,,24,13,,,15,22,,11,27,,,,12,38,,,24,20,16,,19,,,15,,15,12,15,11,,,13,11,14,26,,33,,15,25,15,,,16,40
2020-09-16,17,,,11,,24,24,17,,15,,11,,,14,11,14,,13,13,,,13,19,12,16,14,17,,13,11,,12,,14,,,15,,19,,11,12,13,15,24,21,,30,,,22,24,22,,13,18,,16,,16,27,,,,15,11,14,15,,22,11,11,15,14,12,16,,,15,15,,,17,12,13,,,18,14,15,,,24,13,,,15,22,,11,28,,,,12,38,,,24,20,16,,19,,,15,,15,12,15,11,,,13,11,14,26,,33,,15,25,16,,,16,40
2020-09-17,17,,,11,,24,24,17,,15,,11,,,14,11,14,,13,14,,,13,19,12,16,14,17,,13,11,,12,,14,,,15,,19,,11,12,13,15,24,21,,30,,,22,24,22,,13,18,,16,,16,27,,,,15,11,14,15,,22,11,11,15,14,12,16,,,15,15,,,17,12,13,,,18,14,15,,,24,13,,,15,22,,11,28,,,,12,38,,,24,20,16,,19,,,15,,15,12,15,11,,,13,11,14,26,,33,,15,25,16,,,16,40
2020-09-18,17,,,11,,24,24,17,,15,,11,,,14,11,14,,13,14,,,13,19,12,16,14,17,,13,11,,12,,14,,,15,,19,,11,12,13,15,24,21,,30,,,22,25,22,,13,18,,16,,16,27,,,,15,11,14,15,,22,11,11,15,14,12,16,,,15,15,,,17,12,13,,,18,14,15,,,24,13,,,15,22,,11,28,,,,12,38,,,24,20,16,,19,,,15,,15,12,15,11,,,13,11,14,26,,33,,15,25,16,,,16,40
2020-09-19,17,,,11,,24,24,17,,15,,11,,,14,11,14,,13,14,,,13,19,12,16,14,17,,13,11,,12,,14,,,15,,19,,11,12,13,15,24,21,,30,,,22,26,22,,13,18,,16,,16,27,,,,15,11,14,15,,22,11,11,15,14,12,16,,,15,15,,,17,12,13,,,18,14,15,,,24,13,,,15,22,,11,28,,,,12,38,,,24,20,16,,19,,,15,,15,12,15,11,,,13,11,14,26,,33,,15,25,16,,,16,40
2020-09-20,17,,,11,,24,24,17,,15,,11,,,14,11,14,,13,14,,,13,19,12,16,14,17,,13,11,,12,,14,,,15,,19,,11,12,13,15,24,21,,30,,,22,26,22,,13,19,,16,,16,27,,,,15,11,14,15,,22,11,11,15,14,12,16,,,15,15,,,17,12,13,,,18,14,15,,,24,13,,,15,22,,11,28,,,,12,38,,,24,20,16,,19,,,15,,15,12,15,11,,,13,11,14,26,,33,,15,25,16,,,16,40
2020-09-21,17,,,11,,24,24,17,,15,,11,,,14,11,14,,13,14,,,13,19,12,16,14,17,,13,11,,12,,14,,,15,,19,,11,12,13,15,24,21,,30,,,22,26,22,,13,19,,16,,16,27,,,,15,11,14,15,,22,11,11,15,14,12,16,,,15,15,,,17,12,13,,,18,14,15,,,24,13,,,15,22,,11,28,,,,12,38,,,24,20,16,,19,,,15,,15,12,15,11,,,13,11,14,26,,34,,15,25,16,,,16,40
2020-09-22,17,,,11,,24,24,17,,15,,11,,11,14,11,14,,13,14,,,13,19,12,16,14,17,,13,11,,12,,14,,,15,,19,,11,12,13,15,24,21,,30,,,22,26,22,,13,19,,16,,16,27,,,,15,11,14,15,,22,11,11,15,14,12,16,,,15,16,,,17,12,13,,,18,15,15,,,24,13,,,15,22,,11,28,,,,12,38,,,24,20,16,,19,,,15,,15,12,15,11,,,13,11,14,26,,34,,15,25,16,,,16,40
2020-09-23,17,,,11,,24,24,17,,15,,11,,11,14,11,14,,13,14,,,13,19,12,16,14,17,,13,11,,12,,14,,,15,,19,,11,12,13,15,24,21,,30,,,22,28,22,,13,19,,16,,16,27,,,,15,11,14,15,,22,11,11,15,14,12,16,,,15,16,,,17,12,13,,,18,15,15,,,24,13,,,15,23,,11,28,,,,12,38,,,24,20,16,,19,,,15,,15,12,15,11,,,13,11,14,26,,34,,15,25,16,,,16,40
2020-09-24,17,,,11,,24,24,17,,15,,11,,11,14,11,14,,13,14,,,13,19,12,16,14,17,,13,11,,12,,14,,,15,,19,,11,12,13,15,24,21,,30,,,22,29,22,,13,19,,16,,16,27,,,,15,11,14,15,,22,11,11,15,14,12,16,,,15,16,,,17,12,13,,,18,15,15,,,24,13,,,15,23,,11,28,,,,12,38,,,24,20,16,,19,,,15,,15,12,15,11,,,13,11,14,26,,35,,15,25,16,,,16,40
2020-09-25,17,,,11,,24,24,17,,15,,11,,11,14,11,14,,13,14,,,13,19,12,16,14,17,,13,11,,12,,14,,,15,,19,,11,12,13,15,24,21,,30,,,22,29,22,,13,19,,16,,16,27,,,,15,11,14,15,,22,11,11,15,14,12,16,,,15,16,,,17,12,13,,,18,15,15,,,24,13,,,15,23,,11,28,,,,12,38,,,24,20,16,,19,,,15,,15,12,15,11,,,13,11,14,26,,35,,15,25,16,,,16,40
2020-09-26,17,,,11,,24,24,17,,15,,11,,11,14,11,14,,13,14,,,13,19,12,16,14,17,,13,11,,12,,14,,,15,,19,,11,12,13,15,24,21,,30,,,22,29,22,,13,19,,16,,16,27,,,,15,11,14,15,,22,11,11,15,14,12,16,,,15,16,,,17,12,13,,,18,15,15,,12,24,13,,,15,23,,11,28,,,,12,38,,,24,20,16,,20,,,15,,15,12,15,11,,,13,11,14,26,,35,,15,25,16,,,16,40
2020-09-27,17,,,11,,24,24,17,,15,,11,,11,14,11,14,,13,14,,,13,19,12,16,14,17,,13,11,,12,,14,,,15,,19,,11,12,13,15,24,21,,30,,,22,30,22,,13,19,,16,,16,27,,,,15,11,14,15,,22,11,11,15,14,12,16,,,15,16,,,17,12,13,,,18,15,15,,12,24,13,,,15,23,,11,28,,,,12,38,,,24,20,16,,20,,,15,,15,12,15,11,,,13,11,14,26,,35,,15,25,16,,,16,40
2020-09-28,18,,,11,,24,24,17,,15,,11,,11,14,11,14,,13,14,,,13,19,12,16,14,17,,13,11,,12,,14,,,15,,19,,11,12,13,15,24,21,,30,,,22,30,22,,13,20,,16,,16,27,,,,15,11,14,15,,22,11,11,15,14,12,16,,,15,16,,,17,12,13,,,18,15,15,,12,24,13,,,15,23,,11,28,,,,12,38,,,24,20,16,,20,,,15,,15,12,15,11,,,13,11,14,26,,35,,15,25,16,,,16,40
2020-09-29,19,,,11,,24,24,17,,15,,11,,13,14,11,14,,13,14,,,13,19,12,16,14,17,,13,11,,12,,14,,,15,,19,,11,12,13,15,24,21,,30,,,22,30,22,,13,20,,16,,16,27,,,,15,11,14,15,,22,11,11,15,14,12,16,,,15,16,,,17,12,13,,,18,15,15,,13,24,13,,,15,23,,11,28,,,,12,38,,,24,20,16,,20,,,15,,15,12,15,11,,,13,11,14,26,,35,,15,25,16,,,16,40
2020-09-30,19,,,11,,24,24,17,,15,,11,,13,14,11,14,,13,14,,,13,19,12,16,15,17,,13,11,,12,,14,,,15,,19,,11,12,13,15,24,21,,30,,,22,30,22,,13,20,,16,,16,27,,,,15,11,14,15,,22,11,11,15,14,12,16,,,16,16,,,17,12,13,,,18,15,15,,13,24,13,,,15,23,,11,28,,,,12,38,,,24,20,16,,20,,,15,,15,12,15,11,,,13,11,14,26,,35,,15,25,16,,,16,40
2020-10-01,19,,,11,,24,24,17,,15,,11,,13,14,11,14,,13,14,,,13,19,12,16,16,17,,13,11,,12,,14,,,15,,19,,11,12,13,15,24,21,,30,,,22,30,22,,13,20,,16,,16,27,,,,15,11,14,15,,22,11,11,15,14,12,16,,,16,16,,,17,12,13,,,18,15,15,,13,24,13,,,15,23,,11,28,,,,12,38,,,24,20,16,,20,,,15,,15,12,15,11,,,13,11,14,26,,35,,15,25,16,,,16,40
2020-10-02,19,,,11,,24,24,17,,15,,11,,13,14,11,14,,13,14,,,13,19,12,16,16,17,,13,11,,12,,14,,,15,,19,,11,12,13,15,24,21,,30,,,22,30,22,,13,20,,16,,16,27,,,,15,11,14,15,,22,11,11,15,14,12,16,,,16,16,,,17,12,13,,,18,15,15,,13,24,13,,,15,23,,11,28,,,,13,38,,,24,20,16,,20,,,15,,15,12,15,11,,,13,11,14,26,,35,,15,25,16,,,16,40
2020-10-03,19,,,11,,24,24,17,,15,,11,,13,14,11,14,,13,14,,,13,19,12,16,16,17,,13,11,,12,,14,,,15,,19,,11,12,13,15,24,21,,30,,,22,30,22,,13,20,,16,,16,27,,,,15,11,14,15,,22,11,11,15,14,12,16,,,16,16,,,17,12,13,,,18,15,15,,13,24,13,,,15,23,,11,28,,,,13,38,,,24,20,16,,20,,,15,,15,12,15,11,,,13,11,14,26,,35,,15,25,16,,,16,40
2020-10-04,19,,,11,,24,24,17,,15,,11,,13,14,11,14,,13,14,,,13,19,12,16,16,17,,13,11,,12,,14,,,15,,19,,11,12,13,15,24,21,,30,,,22,31,22,,13,20,,16,,16,27,,,,15,11,14,15,,22,11,11,15,14,12,16,,,16,16,,,17,12,13,,,18,15,15,,13,24,13,,,15,23,,11,28,,,,13,38,,,24,20,16,,20,,,15,,15,12,15,11,,,13,11,14,26,,35,,15,25,16,,,16,40
2020-10-05,19,,,11,,24,24,17,,15,,11,,13,14,11,14,,13,14,,,13,19,12,16,16,17,,13,11,,12,,14,,,15,,19,,11,12,13,15,24,21,,30,,,22,31,22,,13,20,,16,,16,27,,,,15,11,14,15,,22,11,11,15,14,12,16,,,16,16,,,17,12,13,,,18,15,15,,13,24,13,,,15,23,,11,28,,,,13,38,,,24,20,16,,20,,,15,,15,12,15,11,,,13,11,14,26,,35,,15,25,16,,,16,40
2020-10-06,19,,,11,,24,24,17,,15,,11,,13,14,11,14,,13,14,,,13,19,12,16,16,17,,13,11,,12,,14,,,15,,19,,11,12,13,15,24,21,,30,,,22,31,22,,13,20,,16,,16,27,,,,15,11,14,15,,22,11,11,15,14,12,16,,,16,16,,,17,12,13,,,18,15,15,,13,24,13,,,15,23,,11,28,,,,13,38,,,24,20,16,,20,,,15,,15,12,15,11,,,13,11,14,26,,35,,15,25,16,,,16,40
2020-10-07,19,,,11,,24,24,17,,15,,11,,13,14,11,14,,13,14,,,13,19,12,17,16,17,,13,11,,12,,14,,,15,,19,,11,12,13,15,24,21,,30,,,22,31,22,,13,20,,16,,16,27,,,,15,11,14,15,,22,11,11,15,14,12,16,,,16,16,,,17,12,13,,,18,16,15,,13,24,13,,,15,24,,11,28,,,,13,38,,,24,20,16,,20,,,15,,15,12,15,11,,,13,11,14,26,,35,,15,25,16,,,16,40
2020-10-08,19,,,11,,24,24,17,,15,,11,,13,14,11,14,,13,14,,,13,19,12,17,16,17,,13,11,,12,,14,,,15,,19,,11,12,13,15,24,21,,30,,,23,31,22,,13,20,,16,,16,27,,,,15,11,14,15,,22,11,11,15,14,12,16,,,16,16,,,17,12,13,,,18,16,15,,13,24,13,,,15,25,,11,28,,,,13,38,,,24,20,16,,20,,,15,,15,12,15,11,,,13,11,14,26,,35,,15,25,16,,,16,40
2020-10-09,19,,,11,,24,24,17,,15,,11,,13,14,11,14,,13,14,,,13,19,12,17,16,17,,13,11,,12,,14,,,15,,20,,11,12,13,15,24,21,,30,,,23,32,22,,13,20,,16,,16,27,,,,15,11,14,15,,22,11,11,15,14,12,16,,,16,16,,,17,12,13,,,18,16,15,,13,24,13,,,15,25,,11,28,,,,13,38,,,24,20,16,,20,,,15,,15,12,15,11,,,13,11,14,26,,35,,15,25,16,,,16,40
2020-10-10,19,,,11,,24,24,17,,15,,11,,13,14,11,14,,13,14,,,13,19,12,17,16,17,,13,11,,12,,14,,,15,,20,,11,12,13,15,24,21,,30,,,23,32,22,,13,20,,16,,16,27,,,,15,11,14,15,,22,11,11,15,14,12,16,,,16,16,,,17,12,13,,,18,16,15,,13,24,13,,,15,25,,11,28,,,,13,38,,,24,20,16,,20,,,15,,15,12,15,11,,,13,11,14,26,,35,,15,25,16,,,16,40
2020-10-11,19,,,11,,24,24,17,,15,,11,,13,14,11,14,,13,14,,,13,19,12,17,16,17,,13,11,,12,,14,,,15,,20,,11,12,13,15,24,21,,30,,,23,32,22,,13,20,,16,,16,27,,,,15,11,14,15,,22,11,11,15,14,12,16,,,16,16,,,17,12,13,,,18,16,15,,13,24,13,,,15,25,,11,28,,,,13,38,,,24,20,16,,20,,,15,,15,12,15,11,,,13,11,14,26,,35,,15,25,16,,,16,40
2020-10-12,19,,,11,,24,24,17,,15,,11,,14,14,11,14,,13,14,,,13,19,12,17,16,17,,13,11,,12,,14,,,15,,20,,11,12,13,15,24,21,,30,,,23,33,22,,13,20,,16,,16,27,,,,15,11,14,15,,22,11,11,15,14,12,16,,,16,16,,,17,12,13,,,18,16,15,,13,24,13,,,15,25,,11,28,,,,13,38,,,24,20,16,,20,,,15,,15,12,15,11,,,13,11,14,26,,35,,15,25,16,,,16,40
2020-10-13,19,,,11,,24,24,17,,15,,11,,14,14,11,14,,13,14,,,13,19,12,17,16,17,,13,11,,12,,14,,,15,,20,,11,12,13,15,24,21,,30,,,24,33,22,,13,20,,16,,16,27,,,,15,11,14,15,,22,11,11,15,14,12,16,,,16,16,,,17,12,13,,,18,16,15,,13,24,13,,,15,25,,11,28,,,,13,38,,,24,20,16,,20,,,15,,15,12,15,11,,,13,11,14,26,,35,,15,25,16,,,16,40
2020-10-14,20,,,11,,24,24,17,,15,,11,,14,14,11,14,,13,14,,,13,19,12,17,16,17,,13,11,,12,,14,,,15,,20,,11,12,13,15,24,21,,30,,,24,33,22,,13,20,,16,,16,27,,,,15,11,14,15,,22,11,11,15,14,12,16,,,16,16,,,17,12,13,,,18,16,15,,13,24,13,,,15,25,,11,28,,,,13,38,,,24,20,16,,20,,,15,,15,12,15,11,,,13,12,14,26,,35,,15,25,16,,,16,40
2020-10-15,20,,,11,,24,24,17,,15,,11,,14,14,11,14,,13,14,,,13,19,12,19,16,18,,13,11,,12,,14,,,15,,20,,11,12,13,15,24,21,,30,,,25,33,22,,13,20,,16,,16,27,,,,15,11,14,15,,22,11,11,15,14,12,16,,,16,16,,,17,12,13,,,18,16,15,,13,24,13,,,15,25,,11,28,,,,13,38,,,24,20,16,,20,,,15,,15,12,15,11,,,13,12,14,26,,35,,15,25,16,,,16,40
2020-10-16,20,,,11,,24,24,17,,15,,11,,14,14,11,14,,13,14,,,13,19,12,19,16,18,,13,11,,12,,14,,,15,,20,,11,12,13,15,25,21,,30,,,25,34,22,,13,20,,16,,16,27,,,,15,11,14,15,,22,11,11,15,14,12,16,,,16,16,,,17,12,13,,,18,16,15,,14,24,13,,,15,25,,11,28,,,,13,38,,,24,20,16,,20,,,15,,15,12,15,11,,,13,12,14,26,,35,,15,25,16,,,16,40
2020-10-17,20,,,11,,24,24,17,,15,,11,,14,14,11,14,,13,14,,,13,19,12,19,16,18,,13,11,,12,,14,,,15,,20,,11,12,13,15,26,21,,30,,,25,34,22,,13,20,,16,,16,27,,,,15,11,14,15,,22,11,11,15,14,12,16,,,16,16,,,17,12,13,,,18,16,15,,14,24,13,,,15,25,,11,28,,,,13,38,,,24,20,16,,20,,,15,,15,12,15,11,,,13,12,14,26,,35,,15,25,16,,,16,40
2020-10-18,20,,,11,,24,24,17,,15,,11,,14,14,11,14,,13,14,,,13,19,12,19,16,18,,13,11,,12,,14,,,15,,20,,11,12,13,15,26,21,,30,,,25,34,22,,13,20,,16,,16,27,,,,15,11,14,15,,22,11,11,15,14,12,16,,,16,16,,,17,12,13,,,18,16,15,,14,24,13,,,15,25,,11,28,,,,13,38,,,24,20,16,,20,,,15,,15,12,15,11,,,13,12,14,26,,35,,15,25,16,,,16,40
2020-10-19,20,,,11,,24,24,17,,15,,11,,14,14,11,14,,13,14,,,13,19,12,19,16,18,,13,11,,12,,14,,,15,,20,,11,12,13,15,26,21,,30,,,25,34,22,,13,20,,16,,16,27,,,,15,11,14,15,,22,11,11,15,14,12,16,,,16,16,,,17,12,13,,,18,16,15,,14,24,13,,,15,25,,11,28,,,,13,38,,,24,20,16,,20,,,15,,15,12,15,12,,,13,12,14,26,,35,,15,25,16,,,16,40
2020-10-20,20,,,11,,24,24,17,,15,,11,,14,14,11,14,,13,14,,,13,19,12,19,16,18,,13,11,,12,,14,,,15,,20,,11,12,13,15,26,21,,30,,,26,34,22,,13,20,,16,,16,27,,,,15,11,14,15,,22,11,11,15,14,12,16,,,16,16,,,17,12,13,,,18,16,15,,14,24,13,,,15,25,,11,28,,,,13,38,,,24,20,16,,20,,,15,,15,12,15,12,,,13,12,14,26,,35,,15,25,16,,,16,40
2020-10-21,20,,,11,,24,24,17,,15,,11,,14,14,11,14,,13,14,,,13,19,12,19,16,18,,13,11,,12,,14,,,15,,20,,11,12,13,15,26,21,,30,,,26,34,22,,13,20,,16,,16,27,,,,15,11,14,15,,22,11,11,15,14,12,16,,,16,16,,,17,12,13,,,18,16,15,,14,24,13,,,15,25,,11,28,,,,13,38,,,24,20,16,,20,,,15,,15,12,15,12,,,13,12,14,26,,35,,15,25,16,,,16,40
2020-10-22,20,,,11,,24,24,17,,15,,11,,14,14,11,14,,13,14,,,13,19,12,19,16,18,,13,11,,12,,14,,,15,,20,,11,12,13,15,27,21,,30,,,26,34,22,,13,20,,16,,16,27,,,,15,11,14,15,,22,11,11,15,14,12,16,,,16,16,,,17,12,13,,,18,16,15,,14,24,13,,,15,25,,11,28,,,,13,38,,,24,20,16,,20,,,15,,15,12,15,12,,,13,12,14,26,,35,,15,25,16,,,16,40
2020-10-23,20,,,11,,24,24,17,,15,,11,,14,14,11,14,,13,14,,,13,19,12,19,16,18,,13,11,,12,,14,,,15,,20,,11,12,13,15,27,21,,30,,,26,34,22,,13,20,,16,,16,27,,,,15,11,14,15,,22,11,11,15,14,12,16,,,16,16,,,17,12,13,,,18,16,15,,14,24,13,,,15,25,,11,28,,,,13,38,,,24,20,16,,20,,,15,,15,12,15,12,,,13,12,14,26,,35,,15,25,16,,,16,40
2020-10-24,21,,,11,,24,24,17,,15,,11,,14,14,11,14,,13,14,,,13,19,12,19,16,18,,13,11,,12,,14,,,15,,20,,11,12,13,15,28,21,,30,,,26,34,22,,13,20,,16,,16,27,,,,15,11,14,15,,22,11,11,15,14,12,16,,,17,16,,,17,12,13,,,18,16,15,,14,24,13,,,15,25,,11,28,,,,13,38,,,24,20,16,,20,,,15,,15,12,15,12,,,13,12,14,26,,35,,15,25,16,,,16,40
2020-10-25,21,,,11,,24,24,17,,15,,11,,14,14,11,14,,13,14,,,13,19,12,19,16,18,,13,11,,12,,14,,,15,,20,,11,12,13,15,29,21,,30,,,26,34,22,,13,20,,16,,16,27,,,,15,11,14,15,,22,11,11,15,14,12,16,,,17,16,,,17,12,13,,,18,16,15,,14,24,13,,,15,25,,11,28,,,,13,38,,,24,20,16,,20,,,15,,15,12,15,12,,,13,12,14,26,,35,,15,25,16,,,16,40
2020-10-26,21,,,11,,24,24,17,,15,,11,,14,14,11,14,,13,14,,,13,19,12,19,16,18,,13,11,,12,,14,,,15,,20,,11,12,13,15,29,21,,30,,,26,35,22,,13,20,,16,,16,27,,,,15,11,14,15,,22,11,11,15,14,12,16,,,17,16,,,17,12,13,,,18,16,15,,14,24,13,,,15,25,,12,28,,,,13,38,,,24,20,16,,20,,,15,,15,12,15,12,,,13,12,14,26,,35,,15,25,16,,,16,40
2020-10-27,21,,,11,,24,24,17,,15,,11,,14,14,11,14,,13,14,,,13,20,12,20,16,18,,13,11,,12,11,14,,,15,,20,,11,12,13,15,29,21,,30,,,26,35,22,,13,20,,16,,16,27,,,,15,11,14,15,,22,11,11,15,14,12,16,,,17,16,,,17,12,13,,,18,16,15,,14,24,13,,,15,25,,12,28,,,,13,38,,,24,20,16,,20,,,15,,15,12,15,13,,,13,12,14,26,,35,,15,25,16,,,16,40
2020-10-28,21,,,11,,24,24,17,,15,,11,,14,14,11,14,,13,14,,,13,20,12,20,16,18,,13,11,,12,11,14,,,15,,20,,11,12,13,15,29,21,,30,,,28,35,22,,13,20,,16,,16,27,,,,15,11,14,15,,22,11,11,15,14,12,16,,,17,16,,,17,12,13,,,18,16,15,,14,24,13,,,15,25,,12,28,,,,13,38,,,24,20,16,,20,,,15,,15,12,15,13,,,13,12,14,26,,35,,15,25,16,,,16,40
2020-10-29,21,,,11,,24,24,17,,15,,11,,14,14,11,14,,13,14,,,13,20,12,20,16,18,,13,11,,12,11,14,,,15,,20,,11,12,13,15,29,21,,30,,,28,35,22,,13,20,,16,,16,27,,,,15,11,14,15,,22,11,11,15,14,12,16,,,17,16,,,17,12,13,,,18,16,15,,14,24,13,,,15,25,,12,28,,,,13,38,,,24,20,16,,20,,,15,,15,12,15,13,,,13,12,14,26,,35,,15,25,16,,,16,40
2020-10-30,21,,,11,,24,24,17,,15,,11,,14,14,11,14,,13,14,,,13,20,12,20,16,18,,13,11,,12,11,14,,,15,,20,,11,12,13,15,29,21,,30,,,28,35,22,,13,20,,16,,16,27,,,,15,11,14,15,,22,11,11,15,14,12,16,,,17,16,,,17,12,13,,,18,16,15,,14,24,13,,,15,25,,12,28,,,,13,38,,,24,20,16,,20,,,15,,15,12,15,13,,,13,12,14,26,,35,,15,25,16,,,16,40
2020-10-31,21,,,11,,24,24,17,,15,,11,,14,14,11,14,,13,14,,,13,20,12,20,16,18,,13,11,,12,11,14,,,15,,20,,11,12,13,15,29,21,,30,,,28,35,22,,13,20,,16,,16,27,,,,15,11,14,15,,22,11,11,15,14,12,16,,,17,16,,,17,12,13,,,18,16,15,,14,24,13,,,15,25,,12,28,,,,13,38,,,24,20,16,,20,,,15,,15,12,15,13,,,13,12,14,26,,35,,15,25,16,,,16,40
2020-11-01,21,,,11,,24,24,17,,15,,11,,14,14,11,14,,13,14,,,13,20,12,20,16,18,,13,11,,12,11,14,,,15,,20,,11,12,13,15,29,21,,30,,,28,35,22,,13,20,,16,,16,27,,,,15,11,14,15,,22,11,11,15,14,12,16,,,17,16,,,17,12,13,,,18,16,15,,14,24,13,,,15,25,,12,28,,,,13,38,,,24,20,16,,20,,,15,,15,12,15,13,,,13,12,14,26,,35,,15,25,16,,,16,40
2020-11-02,21,,,11,,24,24,18,,15,,11,,14,14,11,14,,13,14,,,13,20,12,20,16,18,,13,11,,12,11,14,,,15,,20,,11,12,13,15,30,21,,30,,,28,35,22,,13,20,,16,,16,27,,,,15,11,14,15,,22,11,11,15,14,12,16,,,17,16,,,17,12,13,,,18,16,15,,14,24,13,,,15,25,,12,28,,,,13,38,,,24,20,16,,20,,,15,,15,12,15,13,,,13,12,14,26,,35,,15,25,16,,,17,40
2020-11-03,21,,,11,,24,24,18,,15,,11,,14,14,11,14,,13,14,,,13,20,12,20,16,18,,13,11,,12,11,14,,,15,,20,,11,12,13,15,30,21,,30,,,28,36,22,,13,20,,16,,16,27,,,,15,11,14,15,,22,11,11,15,14,12,16,,,17,16,,,17,12,13,,,18,16,15,,14,24,13,,,15,25,,12,29,,,,13,38,,,24,20,16,,20,,,15,,15,12,15,13,,,13,12,14,26,,35,,15,25,16,,,17,40
2020-11-04,21,,,11,,24,24,18,,15,,11,,14,14,11,14,,13,14,,,13,20,12,20,16,18,,13,11,,12,11,14,,,15,,20,,11,12,13,15,32,21,,30,,,28,36,22,,13,20,,16,,16,27,,,,15,11,14,15,,22,11,11,15,14,12,16,,,17,16,,,17,12,13,,,18,16,15,,14,24,13,,,15,25,,12,29,,,,13,38,,,24,20,16,,20,,,15,,15,12,15,13,,,13,12,14,26,,35,,15,25,16,,,17,40
2020-11-05,21,,,11,,24,24,18,,15,,11,,14,14,11,14,,13,14,,,13,20,12,20,16,18,,13,11,,12,11,14,,,15,,20,,11,12,13,15,33,21,,30,,,28,36,22,,13,20,,16,,16,27,,,,15,11,14,15,,22,11,11,15,14,12,16,,,17,16,,,17,12,13,,,18,16,15,,14,24,13,,,15,25,,12,30,,,,13,38,,,24,20,16,,20,,,15,,15,12,15,13,,,13,12,14,26,,35,,15,25,16,,,17,40
2020-11-06,21,,,11,,24,24,18,,15,,11,,14,14,11,14,,13,14,,,13,20,12,20,16,18,,13,11,,12,11,14,,,15,,20,,11,12,13,15,34,21,,30,,,28,36,22,,13,20,,16,,16,27,,,,15,11,14,15,,22,11,11,15,14,12,16,,,17,16,,,17,12,13,,,18,16,15,,14,24,13,,,15,25,,12,30,,,,13,38,,,24,20,16,,20,,,15,,15,12,15,13,,,13,12,14,26,,35,,15,25,16,,,17,40
2020-11-07,21,,,11,,24,24,18,,15,,11,,14,14,11,14,,13,14,,,13,20,12,20,16,18,,13,11,,12,11,14,,,15,,20,,11,12,13,15,34,21,,30,,,28,36,22,,13,20,,16,,16,27,,,,15,11,14,15,,22,11,11,15,14,12,16,,,17,16,,,17,12,13,,,18,16,15,,14,24,13,,,15,25,,12,30,,,,13,38,,,24,20,16,,20,,,15,,15,12,15,13,,,13,12,14,26,,35,,15,25,16,,,17,40
2020-11-08,21,,,11,,24,24,18,,15,,11,,14,14,11,14,,13,14,,,13,20,12,20,16,18,,13,11,,12,11,14,,,15,,20,,11,12,13,15,34,21,,30,,,28,36,22,,13,20,,16,,16,27,,,,15,11,14,15,,22,11,11,15,14,12,16,,,17,16,,,17,12,13,,,18,16,15,,14,24,13,,,15,25,,12,30,,,,13,38,,,24,20,16,,20,,,15,,15,12,15,13,,,13,12,14,26,,35,,15,25,16,,,17,40
2020-11-09,21,,,11,,24,24,18,,15,,11,,14,14,11,14,,13,14,,,13,20,12,20,16,18,,13,11,,12,11,14,,,15,,20,,11,12,13,15,34,21,,30,,,28,36,22,,13,20,,16,,16,27,,,,15,11,14,15,,22,11,11,15,14,12,16,,,17,16,,,17,12,13,,,18,16,15,,14,24,13,,,15,25,,12,30,,,,13,38,,,24,20,16,,20,,,15,,15,12,15,13,,,13,12,14,26,,35,,15,25,16,,,17,40
2020-11-10,21,,,11,,24,24,18,,15,,11,,14,14,11,14,,13,14,,,13,20,12,20,16,18,,13,11,,12,11,14,,,15,,20,,11,12,13,15,34,21,,30,,,28,37,22,,13,20,,16,,16,27,,,,15,11,14,15,,22,11,11,15,14,12,16,,,17,16,,,17,12,13,,,18,16,15,,14,24,13,,,15,25,,12,30,,,,13,38,,,24,20,16,,20,,,15,,15,12,15,13,,,13,12,14,26,,36,,15,25,16,,,17,40
2020-11-11,21,,,11,,24,24,18,,15,,11,,14,14,11,14,,13,14,,,13,20,12,20,16,18,,13,11,,12,11,14,,,15,,20,,11,12,13,15,34,21,,30,,,28,37,22,,13,20,,16,,16,27,,,,15,11,14,15,,22,11,11,15,14,12,16,,,17,16,,,17,12,13,,,18,16,15,,14,24,13,,,15,25,,12,30,,,,13,38,,,24,20,16,,20,,,15,,15,12,15,13,,,13,12,14,26,,36,,15,25,16,,,17,40
2020-11-12,21,,,11,,24,24,18,,15,,11,,14,14,11,14,,13,14,,,13,20,12,20,16,18,,13,11,,12,11,14,,,15,,20,,11,12,13,15,34,21,,30,,,28,37,22,,13,20,,16,,16,27,,,,15,11,14,15,,22,11,11,15,14,12,16,,,17,16,,,17,12,13,,,18,16,15,,14,24,13,,,15,25,,12,30,,,,13,38,,,24,20,16,,20,,,15,,15,12,15,13,,,13,12,14,26,,36,,15,25,16,,,17,40
2020-11-13,21,,,11,,24,24,18,,15,,11,,14,14,11,14,,13,14,,,13,20,12,20,16,18,,13,11,,12,11,14,,,15,,20,,11,12,13,15,34,21,,30,,,28,38,22,,13,20,,16,,16,27,,,,15,11,14,15,,22,11,11,15,14,12,16,,,17,16,,,17,12,13,,,18,16,15,,14,24,13,,,15,25,,12,30,,,,13,38,,,24,20,16,,20,,,15,,15,12,15,13,,,13,12,14,26,,36,,15,25,16,,,17,40
2020-11-14,21,,,11,,24,24,18,,15,,11,,15,14,11,14,,13,14,,,13,20,12,20,16,18,,13,11,,12,11,14,,,15,,20,,11,12,13,15,35,21,,30,,,28,39,22,,13,20,,16,,16,27,,,,15,11,14,15,,22,11,11,15,14,12,16,,,17,16,,,17,12,13,,,18,16,15,,14,24,13,,,15,25,,12,30,,,,13,38,,,24,20,16,,20,,,15,,15,12,15,13,,,13,12,14,26,,36,,15,25,16,,,17,40
2020-11-15,21,,,11,,24,24,18,,15,,11,,15,14,11,14,,13,14,,,13,20,12,20,16,18,,13,11,,12,11,14,,,15,,20,,11,12,13,15,35,21,,30,,,28,39,22,,13,20,,16,,16,27,,,,15,11,14,15,,22,11,11,15,14,12,16,,,17,16,,,17,12,13,,,18,16,15,,14,24,13,,,15,25,,12,30,,,,13,38,,,24,20,16,,20,,,15,,15,12,15,13,,,13,12,14,26,,36,,15,25,16,,,17,40
2020-11-16,21,,,11,,24,24,18,,15,,11,,15,14,11,14,,13,14,,,13,20,12,20,16,18,,13,11,,12,11,14,,,15,,20,,11,12,13,15,35,21,,30,,,28,39,22,,13,20,,16,,16,27,,,,15,11,14,15,,22,11,11,15,14,12,16,,,17,16,,,17,12,13,,,18,16,15,,14,24,13,,,15,25,,12,30,,,,13,38,,,24,20,16,,20,,,15,,15,12,15,13,,,13,12,14,26,,36,,15,25,16,,,17,40
2020-11-17,21,,,11,,24,24,18,,15,,11,,15,14,11,14,,13,14,,,13,20,12,20,16,18,,13,11,,12,11,14,,,15,,20,,11,12,13,15,35,21,,30,,,28,39,22,,13,20,,16,,16,27,,,,15,11,14,15,,22,11,11,15,14,12,16,,,17,16,,,17,12,13,,,18,16,15,,14,24,13,,,15,25,,12,30,,,,13,38,,,24,20,16,,20,,,15,,15,12,15,13,,,13,12,14,26,,36,,15,25,16,,,17,40
2020-11-18,21,,,11,,24,24,18,,15,,11,,15,14,11,14,,13,14,,,13,20,12,20,16,18,,13,11,,12,11,14,,,15,,20,,11,12,13,15,35,21,,30,,,28,39,22,,13,20,,16,,16,27,,,,15,11,14,15,,22,11,11,15,14,12,16,,,17,16,,,17,12,13,,,18,16,15,,14,24,13,,,15,25,,12,30,,,,13,38,,,24,20,16,,20,,,15,,15,12,15,13,,,13,12,14,26,,36,11,15,25,16,,,17,40
2020-11-19,21,,,11,,24,24,18,,15,,11,,15,14,11,14,,13,14,,,13,20,12,20,16,18,,13,11,,12,11,14,,,15,,20,,11,12,13,15,35,21,,30,,,28,39,22,,13,20,,16,,16,27,,,,15,11,14,15,,22,11,11,15,14,12,16,,,17,16,,,17,12,13,,,18,16,15,,14,24,13,,,15,25,,12,30,,,,13,38,,,24,20,16,,20,,,15,,15,12,15,13,,,13,12,14,26,,36,12,15,25,16,,,17,40
2020-11-20,21,,,11,,24,24,18,,15,,11,,15,14,11,14,,13,14,,,13,20,12,20,16,18,,13,11,,12,11,14,,,15,,20,,11,12,13,15,35,22,,30,,,28,39,22,,13,20,,16,,16,27,,,,15,11,14,15,,22,11,11,15,14,12,16,,,17,16,,,17,12,13,,,18,16,15,,14,24,13,,,15,25,,12,30,,,,13,38,,,24,20,16,,20,,,15,,15,12,15,13,,,13,12,14,26,11,36,12,15,25,16,,,17,40
2020-11-21,21,,,11,,24,24,18,,15,,11,,15,14,11,14,,13,14,,,13,20,12,20,16,18,,13,11,,12,11,14,,,15,,20,,11,12,13,15,35,22,,30,,,28,39,22,,13,20,,16,,17,27,,,,15,11,14,15,,22,11,11,15,15,12,16,,,17,16,,,17,12,13,,,18,16,15,,14,24,13,,,15,25,,12,30,,,,13,38,,,24,20,16,,20,,,15,,15,12,15,13,,,13,12,14,26,11,36,12,15,25,16,,,17,40
2020-11-22,21,,,11,,24,24,18,,15,,11,,15,14,11,14,,13,14,,,13,20,12,20,16,18,,13,11,,12,11,14,,,15,,20,,11,12,13,15,35,24,,30,,,28,39,22,,13,20,,16,,17,27,,,,15,11,14,15,,22,11,11,15,15,12,16,,,17,16,,,17,12,13,,,18,16,15,,14,24,13,,,15,25,,12,30,,,,13,38,,,24,20,16,,20,,,15,,15,12,15,13,,,13,12,14,26,11,36,12,15,25,16,,,17,40
2020-11-23,21,,,11,,24,24,18,,15,,11,,15,14,11,14,,13,14,,,13,20,12,20,16,18,,13,11,,12,11,14,,,15,,20,,11,12,13,15,36,24,,30,,,28,40,22,11,13,20,,16,,17,27,,,11,15,11,14,15,,22,11,11,15,15,12,16,,,17,16,,,17,12,13,,,18,16,15,,14,24,13,,,15,25,,12,30,,,,13,38,,,24,20,16,,20,,,15,,15,12,15,13,,,13,12,14,26,11,36,12,15,25,16,,,17,40
2020-11-24,21,,,11,,24,24,18,,15,,11,,15,14,11,14,,13,14,,,13,20,12,20,16,18,,13,11,,12,11,14,,,15,,20,,11,12,13,15,36,24,,30,,,28,41,22,12,13,20,,16,,18,27,,,12,15,11,14,15,,22,11,11,15,15,12,16,,,17,16,,,17,12,13,,,18,16,15,,14,24,13,,,15,25,,12,30,,,,13,38,,,24,20,16,,20,,,15,,15,12,15,13,,,13,12,14,26,11,36,12,15,25,16,,,17,41
2020-11-25,21,,,11,,24,24,18,,15,,11,,15,14,11,14,,13,14,,,13,20,12,20,16,18,,13,11,,12,12,14,,,15,,20,,11,12,13,15,36,24,,30,,,28,41,22,12,13,20,,16,,18,27,,,13,15,11,14,15,,22,11,11,15,15,12,16,,,17,16,,,17,12,13,,,18,16,15,,14,24,13,,,15,25,,12,30,,,,13,38,,,24,20,16,,20,,,15,,15,12,15,13,,,13,12,14,26,11,36,12,15,25,16,,,17,41
2020-11-26,21,,,11,,24,24,18,,15,,11,,15,14,11,14,,13,14,,,13,20,12,20,16,18,,13,11,,12,12,14,,,15,,20,,11,12,13,15,36,25,,30,,,28,42,22,12,13,20,,16,,18,27,,,13,15,11,14,15,,22,11,11,15,15,12,16,,,17,16,,,17,12,13,,,18,16,15,,14,24,13,,,16,25,,12,30,,,,13,38,,,24,20,16,,20,,,15,,15,12,15,13,,,13,12,14,26,11,36,12,15,25,16,,,17,41
2020-11-27,21,,,11,,24,24,18,,15,,11,,15,14,11,14,,13,14,,,13,20,12,20,16,19,,13,11,,12,12,14,,,15,,20,,11,12,13,15,36,25,,30,,,28,42,22,12,13,20,,16,,18,27,,,14,15,11,14,15,,22,11,11,15,15,12,16,,,17,16,,,17,12,13,,,18,16,15,,14,24,13,,,16,25,,12,30,,,,13,39,,,24,20,16,,20,,,15,,15,12,15,13,,,13,12,14,26,11,36,12,15,25,16,,,17,41
2020-11-28,21,,,11,,24,24,18,,15,,11,,15,14,11,14,,13,14,,,13,20,12,20,16,19,,13,11,,12,13,14,,,15,,20,,11,12,13,15,36,25,,30,,,28,42,22,12,13,20,,16,,18,27,,,14,15,11,14,15,,22,11,11,15,15,12,16,,,17,16,,,17,12,13,,,18,16,15,,14,24,13,,,16,25,,12,30,,,,13,39,,,24,20,16,,20,,,15,,15,12,15,13,,,13,12,14,26,11,36,12,15,25,16,,,17,41
2020-11-29,21,,,11,,24,24,18,,15,,11,,15,14,11,14,,13,14,,,13,20,12,20,16,19,,13,11,,12,13,14,,,15,,20,,11,12,13,15,36,26,,30,,,28,42,22,12,13,20,,16,,18,27,,,15,15,11,14,15,,22,11,11,15,15,12,16,,,17,16,,,17,12,13,,,18,16,15,,14,24,13,,,16,25,,12,30,,,,13,39,,,24,20,16,,20,,,15,,15,12,15,13,,,13,12,14,26,11,36,12,15,25,16,,,17,41
2020-11-30,21,,,11,,24,24,18,,15,,11,,16,14,11,14,,13,14,,,13,20,12,20,16,19,,13,11,,12,13,14,,,15,,20,,11,12,13,15,36,26,,30,,,28,43,22,12,13,20,,16,,18,27,,,15,15,11,14,15,,22,11,11,15,15,12,16,,,17,16,,,17,12,13,,,18,16,15,,14,24,13,,,16,25,,12,30,,,,13,40,,,24,20,16,,20,,,15,,15,12,15,13,,,13,12,14,26,11,37,12,15,25,16,,,17,41
2020-12-01,21,,,11,,24,24,18,,15,,11,,16,14,11,14,,13,14,,,13,20,12,20,16,19,,13,11,,12,13,14,,,15,,20,,11,12,13,15,36,26,,30,,,28,43,22,12,13,20,,16,,18,27,,,15,15,11,14,15,,22,11,11,15,15,12,16,,,17,16,,,17,12,13,,,18,16,15,,14,24,13,,,16,25,,12,30,,,,13,40,,,24,20,16,,20,,,15,,15,12,15,13,,,13,12,14,27,11,37,12,15,25,16,,,17,41
2020-12-02,21,,,11,,24,24,18,,15,,11,,16,14,11,14,,13,14,,,13,20,12,20,16,19,,13,11,,12,13,14,,,15,,20,,11,12,13,15,36,26,,30,,,28,43,22,12,13,20,,16,,18,27,,,15,15,11,14,15,,22,11,11,15,15,12,16,,,17,16,,,17,12,13,,,18,16,15,,14,24,13,,,16,25,,12,30,,,,13,40,,,24,20,16,,20,,,15,,15,12,15,13,,,13,12,14,27,11,37,12,15,25,16,,,17,41
2020-12-03,21,,,11,,24,24,18,,15,,11,,16,14,11,14,,13,14,,,13,20,12,20,16,19,,13,11,,12,13,14,,,15,,20,,11,12,13,15,36,26,,30,,,28,43,22,12,13,20,,16,,18,27,,,16,15,11,14,15,,22,11,11,15,15,12,16,,,17,16,,,17,12,13,,,18,16,15,,14,24,13,,,16,25,,12,31,,,,13,40,,,24,20,16,,20,,,15,,15,12,15,13,,,13,12,14,27,11,37,12,15,25,17,,,17,42
2020-12-04,21,,,11,,24,24,18,,15,,11,,16,14,11,14,,13,14,,,13,20,12,20,16,19,,13,11,,12,13,14,,,15,,20,,11,12,13,15,36,26,,30,,,28,43,22,12,13,20,,17,,18,27,11,,16,15,11,14,15,,22,11,11,15,16,12,16,,,17,16,,,17,12,13,,,18,16,15,,14,24,13,,,16,25,,12,31,,,,13,40,,,24,20,16,,20,11,,15,,15,12,15,13,,,13,12,14,27,11,37,12,15,25,17,,,17,42
2020-12-05,21,,,11,,24,24,18,,16,,11,,16,14,11,14,,13,14,,,13,20,12,20,16,19,,13,11,,12,13,14,,,15,,20,,11,12,13,15,36,26,,30,,,28,44,22,12,13,20,,17,,18,27,11,,16,15,11,14,15,,22,11,11,15,16,12,16,,,17,16,,,17,12,13,,,18,16,15,,14,24,13,,,16,25,,12,31,,,,13,40,,,24,20,16,,20,11,,15,,15,12,15,13,,,13,12,14,27,11,37,12,15,25,17,,,17,42
2020-12-06,21,,,11,,24,24,18,,16,,11,,16,14,11,14,,13,14,,,13,20,12,20,16,19,,13,11,,12,13,14,,,15,,20,,11,12,13,15,36,26,,30,,,28,45,22,12,13,20,,17,,18,27,12,,16,15,11,14,15,,22,11,11,15,16,12,16,,,17,16,,,17,12,13,,,18,16,15,,14,24,13,,,16,25,,12,31,,,,13,40,,,24,20,16,,20,11,,15,,15,12,15,13,,,13,12,14,27,11,37,12,15,25,17,,,17,42
2020-12-07,21,,,11,,24,24,18,,16,,11,,16,14,11,14,,13,14,,,13,20,12,20,16,19,,13,11,,12,13,14,,,15,,20,,11,12,14,15,36,26,,30,,,28,45,22,12,13,20,,17,,18,27,14,,16,15,11,14,15,,22,11,11,15,16,12,16,,,17,16,,,17,12,13,,,18,16,15,,14,24,13,,,16,25,,12,31,,,,13,41,,,24,20,16,,20,11,,15,,15,12,15,13,,,13,12,14,27,11,37,12,15,25,17,,,17,44
2020-12-08,21,,,11,,24,24,18,,16,,11,,16,14,11,14,,13,14,,,13,20,12,20,16,19,,13,11,,12,13,14,,,15,,20,,12,12,14,15,36,26,,30,,,28,45,22,12,13,21,,17,,18,27,15,,16,15,11,14,15,,22,11,11,15,16,12,16,,,17,16,,,17,12,13,,,18,16,15,,14,24,13,,,16,25,,12,31,,,,13,41,,,24,20,16,,20,11,,15,,15,12,15,13,,,13,12,14,27,11,37,12,15,25,17,,,17,44
2020-12-09,21,,,11,,24,24,18,,16,,11,,16,14,11,14,,13,14,,,13,20,12,20,16,19,,13,11,,12,13,14,11,,15,,20,,12,12,14,15,36,26,,30,,,28,45,22,12,13,21,,17,,19,27,15,,16,15,11,14,15,,22,11,11,15,16,12,16,,,17,16,,,17,12,13,,,18,16,15,,14,24,13,,,16,25,,12,31,,,,13,41,,,24,20,16,,20,11,,15,,15,12,15,13,,,13,12,14,28,11,37,12,16,25,17,,,17,44
2020-12-10,21,,,11,,24,24,18,,16,,11,,16,14,11,14,,13,14,,,13,20,12,20,16,19,,13,11,,12,13,14,11,,15,,20,,12,12,14,15,36,26,,30,,,28,45,22,12,13,22,,17,,19,27,15,,16,15,11,14,15,,22,11,11,15,16,12,16,,,17,16,,,17,13,13,,11,18,16,15,,14,24,13,,,16,25,,12,31,,,,13,41,,,24,20,16,,20,11,,15,,15,12,15,13,,,13,12,14,28,11,37,12,16,25,17,,,17,44
2020-12-11,21,11,,11,,24,24,18,,16,,11,,16,14,11,14,,13,14,,,13,20,12,20,16,19,,13,11,,12,13,14,11,,15,,20,,13,12,15,15,36,26,,30,,,28,45,22,12,13,23,,17,,19,27,17,,16,15,11,14,15,,22,11,11,15,16,12,16,,,17,16,,,17,13,13,,11,18,16,15,,14,24,13,,11,16,25,,12,31,,,,13,41,,,24,20,16,,20,11,,15,,15,12,15,13,,,13,12,14,28,11,37,12,16,25,18,,,17,44
2020-12-12,21,11,,11,,24,24,18,,16,,11,,16,14,11,14,,13,14,,,13,20,12,20,16,19,,13,11,,12,13,14,13,,15,,20,,13,12,15,15,36,26,,30,,,28,45,22,12,13,23,,17,,19,27,17,,16,15,11,14,15,,22,11,11,15,16,12,16,,,17,16,,,17,13,13,,12,18,16,15,,14,24,13,,12,16,25,,12,31,,,,13,42,,,24,20,16,,20,11,,15,,15,12,15,13,,,13,12,14,28,11,38,12,16,25,18,,,17,45
2020-12-13,21,12,,11,,24,24,18,,16,,11,,17,14,11,14,,13,14,,,13,20,12,20,16,19,,13,11,,12,14,14,13,,15,,20,,13,12,15,15,36,26,,30,,,28,46,22,12,13,23,,18,,19,27,17,,16,15,11,14,15,,22,11,11,15,16,12,16,,,17,16,,,17,13,13,,12,18,16,15,,14,24,13,,12,16,25,,12,32,,,11,13,42,,,24,20,16,,20,11,,15,,15,12,15,13,,,13,12,14,28,11,39,12,16,25,18,,,17,45
2020-12-14,21,14,,11,,24,24,18,,16,,11,,18,14,11,14,,13,14,,,13,20,12,20,16,19,,13,11,,12,15,14,14,,15,,20,,15,12,15,16,36,26,,30,,,28,48,22,12,13,24,,18,,19,27,17,,16,15,11,14,15,,22,11,11,15,16,12,16,,,17,16,,,17,13,13,,14,18,16,15,,14,24,13,,12,16,25,,12,32,,,11,13,42,,,24,20,16,,20,11,,15,,15,12,15,13,,,13,12,14,28,11,39,12,16,25,18,,,17,46
2020-12-15,22,16,,11,,24,24,18,,16,,11,,18,14,11,14,,13,14,,,13,21,12,20,16,19,,13,11,,12,15,14,14,,15,,20,,17,12,15,16,36,26,,30,,,28,48,22,12,13,25,,18,,19,27,18,,16,15,11,14,15,,22,11,11,15,16,12,16,,,17,16,,,17,14,13,,15,18,16,15,,14,24,13,,12,16,25,,12,32,,,11,13,42,,,24,20,16,,20,11,,15,,15,12,15,13,,,13,12,14,29,11,39,12,16,25,18,,,17,48
2020-12-16,22,16,,11,,24,24,18,,16,,11,,18,14,11,14,,13,14,,,13,21,12,20,17,19,,13,11,,12,15,14,15,,15,,20,,17,12,15,16,36,26,,30,,,28,48,22,12,14,25,,18,,19,27,18,,16,15,11,14,15,,22,11,11,15,16,12,16,,,17,16,,,17,14,13,,15,18,16,15,,14,24,13,,12,16,25,,12,32,,,11,13,42,,,24,20,16,,20,11,,15,,15,12,15,13,,,13,12,14,29,11,40,12,16,25,18,,,17,49
2020-12-17,22,18,,11,,24,24,18,,17,,11,,18,14,11,14,,13,14,,,13,21,12,20,17,19,,13,11,,12,15,14,15,,15,,20,,17,12,15,16,36,26,,30,,,28,48,22,12,14,26,,18,,19,27,18,,16,15,12,14,15,,22,11,11,15,16,12,16,,,17,16,,,17,14,13,,16,18,16,15,,14,24,13,,12,16,25,,12,32,,,11,13,42,,,24,20,16,,20,11,,15,,15,12,15,13,,,13,12,14,29,11,41,12,16,25,19,,,17,51
2020-12-18,22,18,,11,,24,24,18,,18,,11,,18,14,11,14,,13,14,,,13,21,12,20,17,19,,13,11,,12,15,14,16,,15,,20,,18,12,15,17,36,26,,30,,,28,49,22,12,14,26,,19,,19,27,18,,16,15,12,14,15,,22,11,11,15,16,12,16,,,17,16,,,17,15,13,,19,18,16,15,,14,24,13,,12,16,25,,12,32,,,11,13,42,,,24,20,16,,20,11,,15,,15,12,15,13,,,13,12,14,29,11,41,12,16,25,19,,,17,53
2020-12-19,22,18,,11,,24,24,18,,20,,11,,18,14,11,14,,13,14,,,13,21,12,20,17,19,,13,11,,12,15,14,16,,15,,20,,18,12,16,17,36,26,,30,,,28,50,22,12,14,28,,19,,19,27,18,,16,15,12,14,15,,22,11,11,15,16,12,16,,,17,16,,,17,15,13,,19,18,16,15,,14,24,13,,12,16,25,,12,32,,,11,13,42,,,24,20,16,,20,11,,15,,15,12,15,13,11,,13,12,14,29,11,42,12,16,25,20,,,17,54
2020-12-20,22,18,,11,,24,25,18,,20,,11,,18,14,11,14,,13,14,,,13,21,12,20,17,19,,13,11,,12,15,14,16,,15,,20,,18,12,16,17,36,26,,30,,,28,50,22,12,14,28,,19,,19,27,18,,16,15,12,14,15,,22,11,11,15,16,12,16,,,17,16,,,17,15,13,,19,18,16,15,,14,24,13,,12,16,25,,12,32,,,11,13,42,,,24,20,16,,20,11,,15,,15,12,15,13,11,,13,12,14,29,11,42,12,16,25,20,,,17,56
2020-12-21,22,18,,11,,24,25,18,,21,,11,,18,14,11,14,,13,14,,,13,21,12,20,17,19,,13,11,,12,15,15,16,,15,,20,,18,12,17,17,36,26,,30,11,,28,50,22,12,14,28,,19,,19,27,18,,16,15,12,14,15,,22,11,11,15,16,12,17,,,17,16,,,17,15,13,,19,18,16,15,,14,24,13,,12,16,25,,12,32,,,11,13,42,,,24,20,16,,20,11,,15,,15,12,15,13,11,,13,12,14,29,11,43,12,16,25,21,,,17,58
2020-12-22,22,18,,11,,24,25,19,,21,,11,,18,14,11,14,,13,14,,,13,22,12,20,17,19,,13,11,,12,15,15,16,,15,,20,,18,12,17,17,36,26,,30,11,,28,50,22,12,14,28,,19,,19,27,18,,16,15,13,15,15,,22,11,11,15,16,12,17,,,17,16,,,17,15,13,,19,18,16,16,,14,24,13,,13,16,25,,12,32,,,11,13,42,,,24,20,17,,20,11,,15,,15,12,15,13,11,,13,12,14,29,11,43,12,16,25,23,,,17,59
2020-12-23,22,18,,11,,24,25,19,,21,,11,,18,14,11,14,,13,14,,,13,22,12,20,17,19,,13,11,,12,15,15,16,,15,,20,,19,12,17,17,36,26,,30,11,,28,50,22,12,14,29,,19,,20,27,18,,17,15,14,15,15,,22,11,11,16,16,12,17,,,17,16,,,17,15,13,,19,18,16,16,,14,24,13,,13,16,25,,13,32,,,11,13,42,,,24,20,17,,20,11,,16,,15,12,15,13,16,,13,12,14,29,11,44,12,16,25,25,,,17,61
2020-12-24,22,18,,11,,24,25,19,,21,,11,,18,14,11,14,,13,14,,,13,22,12,20,17,19,,13,11,,12,15,15,16,,15,,20,,19,12,17,17,36,26,,30,11,,28,50,22,12,14,29,,19,,21,27,19,,17,15,14,15,15,,22,11,11,16,16,12,17,,,17,16,,,17,15,13,,19,18,16,16,,14,24,13,,13,16,25,,13,32,,,11,13,42,,,24,20,17,,20,11,,16,,15,12,15,13,16,,13,12,14,29,11,44,12,16,25,25,,,17,63
2020-12-25,22,18,,11,,24,25,19,,21,,11,,18,14,11,14,,13,14,,,13,22,12,20,17,19,,13,11,,12,15,15,16,,15,,20,,19,12,17,17,36,26,,30,11,,28,50,22,12,19,29,,19,11,21,27,19,,17,15,14,15,15,,22,11,11,16,16,12,17,,,17,16,,,17,15,13,,19,18,16,16,,14,24,13,,13,17,25,,13,32,,,11,13,42,,,25,20,17,,20,11,,16,,15,12,15,13,16,,14,12,14,30,11,45,12,16,25,25,,,17,64
2020-12-26,22,18,,11,,24,25,19,,21,,11,,18,14,11,14,,13,14,,,13,23,12,20,17,19,,13,11,,12,15,15,16,,15,,20,,19,12,17,17,36,26,,30,11,,28,50,22,12,19,29,,19,11,21,27,20,,17,16,14,15,15,,22,11,11,16,16,12,17,,,17,16,,,17,15,13,,19,18,16,16,,14,24,13,,13,17,25,,13,32,,,11,13,42,,,25,20,17,,20,11,,16,,15,12,15,13,16,,14,12,14,30,11,46,12,16,25,25,,,17,65
2020-12-27,23,18,,11,,24,25,19,,21,,11,,18,14,11,14,,13,14,,,13,25,12,20,17,19,,13,11,,12,15,15,16,,15,,20,,19,12,17,18,36,26,,30,11,,28,50,22,12,19,29,,19,11,21,27,20,,17,16,14,15,15,,22,11,11,16,16,12,17,,,17,16,,,17,15,13,,19,18,16,16,,14,24,13,,13,17,25,,13,32,,,11,13,42,,,25,20,17,,20,11,,18,,15,12,15,13,16,,14,12,14,30,11,46,12,16,25,25,,,17,67
2020-12-28,23,18,,11,,24,25,19,,21,,11,,18,14,11,14,,13,14,,,13,26,12,20,17,19,,13,11,,12,15,15,16,,15,,20,,19,12,17,18,36,26,,30,11,,29,50,22,13,19,29,,19,11,21,27,21,,17,16,14,15,15,,22,11,11,16,16,12,17,,,17,16,,,17,15,13,,19,18,16,16,,14,24,13,,14,17,25,,13,33,,,11,13,42,,,25,20,17,,20,11,,18,,15,12,16,13,16,,14,12,14,30,11,48,12,16,25,25,,,17,67
2020-12-29,24,19,,11,,24,25,19,,21,,11,,18,14,11,14,,13,14,,,13,26,12,20,17,19,,13,11,,12,15,15,16,,15,11,20,,20,12,17,18,36,26,11,30,11,,29,50,22,13,19,29,,19,11,21,27,21,,17,16,14,15,15,,22,11,11,16,16,12,17,,,17,16,,12,17,16,13,,19,18,16,16,,14,24,13,,15,17,25,,13,33,,,11,13,42,,,25,20,19,,20,11,,18,,15,12,16,13,17,,14,12,14,30,11,48,12,16,25,25,,,17,69
2020-12-30,24,20,,11,,24,25,19,,21,,11,,18,14,11,14,,13,14,,,13,26,12,20,17,19,,13,11,,12,15,16,16,,15,11,20,,21,12,17,18,36,26,11,30,11,,29,50,22,13,19,31,11,19,11,21,27,21,,17,16,14,15,15,,22,12,11,16,16,12,17,,,17,16,,12,17,17,13,,19,18,16,16,,14,24,13,,15,17,25,,13,33,,,11,13,43,,,25,20,20,,20,11,,18,,15,12,16,13,17,,14,12,14,31,11,48,12,16,25,25,,,17,70
2020-12-31,24,20,,11,,24,25,19,,21,,11,,18,14,11,14,,13,14,,,13,26,12,20,17,19,,13,11,,12,15,16,16,,15,11,20,,22,12,17,18,36,26,11,30,11,,29,50,22,13,19,31,11,19,11,21,27,22,,17,16,14,15,15,,22,12,11,16,16,12,17,,,17,16,,12,17,17,13,,19,18,16,17,,14,24,13,,15,17,25,,13,33,,,11,13,44,,,25,20,20,,20,11,,19,,15,12,16,13,17,,14,12,14,31,11,48,12,16,25,25,,,17,72
2021-01-01,25,20,,11,,25,25,19,,21,,11,,18,14,11,14,,13,14,,,13,26,12,20,17,19,,13,11,,12,15,16,16,,15,11,20,,22,12,17,18,36,26,11,30,11,,29,51,22,13,19,31,11,19,12,21,27,22,,17,16,14,15,15,,22,12,11,16,16,12,17,,,17,16,,12,17,17,13,,19,18,16,17,,14,25,13,,15,17,25,,13,33,,,11,13,44,,,25,20,20,,20,11,,19,,16,12,16,13,18,,14,12,14,31,11,49,12,16,25,25,,,17,74
2021-01-02,27,21,,11,,25,25,19,,21,,11,,18,14,11,15,,13,14,,,13,26,12,20,17,19,,13,11,,12,15,16,16,,15,11,20,,22,12,17,18,36,26,12,30,11,,29,52,22,13,19,31,12,19,12,21,27,22,11,17,16,14,15,15,,22,12,11,16,16,12,17,,,17,16,,12,17,17,13,,19,20,16,17,,14,25,13,,15,17,25,,13,33,,,11,13,44,,,25,20,20,,20,11,,19,,16,12,16,13,18,11,14,12,14,31,11,49,12,16,25,25,,,17,75
2021-01-03,28,21,,11,,25,25,19,,21,,11,,18,14,11,15,,13,14,11,,13,26,12,20,17,19,,13,11,,12,15,16,16,,15,11,20,,22,12,17,18,36,26,12,30,11,,29,52,22,13,19,31,12,19,12,21,27,22,11,17,16,15,15,15,,22,12,11,16,16,12,17,,,17,16,,12,17,17,13,,19,20,16,17,,14,25,13,,15,17,25,,13,33,,,11,13,44,,,26,20,21,,20,11,,19,,16,12,16,13,18,11,14,12,14,31,11,49,12,16,25,25,,,17,75
2021-01-04,28,21,,11,,25,25,19,,21,,11,,18,14,11,15,,13,14,11,,13,27,12,20,17,19,,13,11,,12,15,16,16,,15,11,20,,23,12,17,18,36,26,13,31,11,,29,52,22,13,19,32,12,20,12,21,27,22,11,17,16,15,15,15,,22,12,11,16,16,12,18,,,18,16,,12,17,17,13,,19,20,16,17,,14,25,14,,15,17,25,,13,33,,,12,13,46,,,26,20,21,,20,11,,19,,16,12,16,13,18,12,14,12,14,31,11,49,12,16,25,25,,,17,75
2021-01-05,28,21,,11,,25,25,19,,21,,11,,18,14,11,15,,13,14,11,,13,27,13,20,17,19,,13,11,,12,15,16,17,,15,11,20,,23,12,17,18,36,26,13,32,11,,29,52,22,13,19,32,12,20,13,21,27,22,11,18,16,15,15,15,,22,12,11,16,16,12,18,,,18,16,,14,17,17,13,,19,20,16,17,,14,25,15,,15,17,25,,13,33,,,12,13,46,,,26,20,21,,20,11,,21,,16,12,16,13,19,13,14,14,14,31,11,49,12,16,25,25,,11,17,77
2021-01-06,28,21,,11,,25,25,19,,21,,11,,18,14,11,15,,13,14,11,,13,27,13,20,17,19,,13,11,,12,15,16,17,11,16,11,20,,24,12,17,18,36,26,14,32,11,,29,52,22,13,19,32,12,20,13,21,27,22,11,18,16,15,15,15,,22,12,11,16,16,12,19,,,19,16,,14,17,17,13,,19,20,16,17,,14,25,15,11,15,17,25,,13,33,,,12,13,46,,,26,20,21,,20,11,,21,,16,12,16,14,20,14,14,14,14,31,11,49,12,16,25,25,,12,17,77
2021-01-07,28,22,,11,,25,25,19,,21,,11,,18,14,11,15,,13,14,11,,13,28,13,20,17,19,,13,11,,12,15,16,17,11,16,11,20,,25,12,17,18,36,26,14,32,11,,29,52,22,13,19,32,12,20,13,21,27,22,11,18,16,15,15,15,,22,12,11,16,16,12,20,,,19,16,,14,17,17,13,,19,20,16,17,,14,25,16,11,15,17,25,,13,33,,,12,13,46,11,,26,20,21,,20,11,,21,,16,12,16,15,21,14,14,14,14,31,11,49,12,16,25,25,,12,17,78
2021-01-08,28,22,,11,,25,25,19,11,22,,11,,18,14,11,16,,13,14,11,,13,29,13,20,17,19,,13,12,,12,15,16,17,12,16,11,20,,25,12,17,18,36,26,14,32,11,,29,52,22,14,19,32,12,20,13,21,27,22,11,19,16,15,16,15,,22,12,11,16,16,12,20,,,19,16,,14,17,17,13,,19,20,16,17,,14,25,16,11,15,17,25,,13,33,,,12,13,46,12,,26,20,21,,20,11,,21,,16,12,16,15,22,14,15,14,14,31,11,49,13,17,26,25,,12,17,79
2021-01-09,28,23,,11,,25,25,19,11,22,,11,,18,14,11,16,,13,14,11,,13,29,13,20,17,19,,13,12,,12,15,16,17,12,16,11,21,,27,12,17,18,36,26,15,32,11,,29,53,22,14,19,33,13,20,13,21,27,22,11,20,16,15,16,15,,22,12,11,16,16,12,20,,,21,16,,14,17,17,13,,19,20,16,17,,14,26,16,13,15,17,25,,13,33,,,12,13,46,12,,26,20,21,,20,11,,21,,16,12,16,15,22,14,15,14,14,31,11,49,13,17,26,25,,12,17,80
2021-01-10,28,23,,11,,25,25,19,11,22,,11,,18,14,11,16,,13,14,11,,13,29,13,20,17,19,,13,12,,12,15,16,17,13,16,11,21,,28,12,17,18,36,26,15,32,11,,29,55,22,14,19,33,13,20,14,21,27,22,11,20,16,15,16,15,,22,12,11,16,16,12,21,,,21,16,,14,17,17,13,,19,21,16,17,,14,27,16,13,15,17,25,,13,33,,,12,13,46,13,,26,20,21,,20,11,11,21,,16,12,16,15,22,14,15,14,14,31,11,50,13,17,26,25,,12,17,81
2021-01-11,28,24,,11,,25,25,19,11,22,,11,,18,14,11,16,,13,14,11,,13,29,13,20,17,19,,13,12,,12,15,16,18,13,16,11,21,,28,12,17,18,36,26,15,32,11,,29,55,22,14,19,33,13,20,14,21,27,22,11,21,16,15,16,15,,22,12,11,16,16,12,21,,,21,16,,14,17,17,13,,19,21,16,17,,14,28,17,14,15,17,25,,13,33,,,13,13,46,14,,26,20,21,,20,11,11,22,,16,12,16,15,22,14,15,16,14,31,11,50,13,17,27,25,,12,17,82
2021-01-12,28,24,,11,,25,25,20,12,22,,11,,18,14,11,16,,13,14,11,,13,29,13,20,17,19,,13,12,,12,15,16,18,13,16,11,21,,29,12,17,18,36,26,16,32,11,,29,55,22,14,19,33,13,20,14,21,27,22,11,21,16,15,16,15,,22,12,11,16,16,12,22,,,21,16,,14,17,17,13,,19,21,16,17,,14,28,17,14,15,17,25,11,13,33,,,13,13,46,14,,26,20,21,,20,11,11,22,,16,12,16,15,22,15,15,16,14,31,11,50,13,17,28,25,,12,17,85
2021-01-13,28,25,,11,,26,25,20,12,22,,11,,18,14,11,16,,13,14,11,,13,29,13,20,17,19,,13,12,,12,15,16,18,13,16,11,21,,29,12,17,18,37,26,16,32,11,,29,55,22,14,19,33,13,20,14,21,27,22,11,21,16,15,16,15,,22,12,11,16,16,12,22,,,21,16,,14,17,17,13,,19,21,16,17,,14,28,18,14,15,17,25,14,13,33,,,13,13,46,14,11,26,20,22,,20,11,11,22,,16,12,16,15,23,15,15,16,14,31,11,50,13,17,28,25,,12,17,85
2021-01-14,29,25,,11,,26,25,20,12,22,,11,,18,15,11,16,,13,14,11,,13,29,13,20,17,19,,13,12,,12,15,16,18,15,17,14,21,,29,12,17,18,37,26,16,32,11,,29,55,23,14,19,33,13,20,14,21,27,22,11,21,16,15,16,15,,22,12,11,16,16,12,22,,,21,16,,14,17,17,13,,19,22,16,17,,14,28,19,14,15,17,25,14,13,33,,11,13,13,46,14,11,26,20,22,,20,11,11,22,,16,12,16,15,24,15,15,17,14,31,11,50,13,17,29,25,,12,17,85
2021-01-15,29,25,,11,,26,25,20,12,22,,11,,18,15,12,16,,13,14,12,,13,30,13,20,17,19,,13,12,,12,15,17,18,15,17,14,21,,30,12,17,18,37,26,16,32,11,,29,55,23,15,19,33,13,20,14,21,27,22,11,21,16,15,16,15,,22,12,11,16,16,12,22,,11,21,16,,14,17,17,13,,19,23,16,17,,14,28,20,14,15,17,25,14,13,33,,11,13,13,46,14,11,27,20,22,,20,11,11,22,,16,12,16,15,24,15,15,17,14,31,11,50,13,17,29,26,,12,17,87
2021-01-16,29,25,,11,,26,25,20,12,22,,11,,18,15,12,16,,13,14,12,,14,30,13,20,17,19,,13,12,,12,15,17,18,15,18,14,21,,30,12,17,18,37,26,16,33,11,,29,55,23,15,19,33,13,20,14,21,28,22,11,21,16,15,16,15,,22,12,11,16,16,12,22,,11,22,16,,14,17,18,13,,19,24,16,17,,14,28,20,14,15,17,25,14,13,33,,12,13,13,46,15,11,27,20,22,,20,11,11,22,,17,12,16,15,25,15,15,17,14,31,11,50,13,17,29,26,,12,17,88
2021-01-17,29,25,,11,,26,25,20,12,22,,11,,18,15,12,16,,13,14,12,,14,30,13,20,17,19,,13,12,,12,15,17,18,15,18,14,21,12,31,12,17,18,37,26,16,33,11,,29,56,23,15,19,33,13,20,14,21,28,22,11,21,16,15,16,15,,22,12,11,16,16,12,22,11,11,22,16,,14,17,18,13,,19,24,16,17,,14,28,20,14,15,17,25,15,13,33,,12,13,13,46,16,11,27,20,22,,20,11,11,22,,17,12,16,15,25,15,15,18,14,31,11,50,13,17,29,26,,12,17,88
2021-01-18,29,25,,11,,26,25,20,12,22,,11,,18,15,12,17,,13,14,12,,14,30,13,20,17,19,,13,12,12,12,15,17,18,15,18,14,21,13,31,12,17,18,37,26,16,33,11,11,29,57,23,15,19,33,13,20,14,21,28,22,11,21,16,15,16,15,,22,12,11,16,16,12,23,11,11,22,16,,14,17,18,13,,19,24,16,17,,14,29,20,14,15,17,25,15,13,33,,12,13,13,46,16,11,27,20,22,,20,11,11,22,,18,12,16,15,25,15,15,19,14,31,11,50,13,17,29,26,,12,17,88
2021-01-19,29,26,,11,,28,25,20,12,22,,11,,18,15,12,17,,13,14,12,,14,32,13,21,17,19,,13,12,13,12,15,17,18,15,19,14,21,13,32,12,17,18,37,26,16,33,11,11,29,57,23,16,19,33,13,20,14,21,28,22,11,21,16,15,16,15,,22,13,11,16,16,12,23,12,12,22,16,,14,17,18,13,,19,24,16,17,,14,29,20,14,15,17,25,15,13,33,,12,13,13,47,16,11,27,20,22,,20,11,11,23,,18,12,16,15,26,15,15,19,14,31,11,50,13,17,31,26,,12,17,88
2021-01-20,29,27,,11,,28,25,20,12,23,11,11,,18,15,12,17,,13,14,12,,14,32,13,21,17,19,15,13,12,13,12,15,17,18,15,19,14,21,13,32,12,17,18,37,26,16,33,11,11,29,58,23,16,19,33,13,20,14,21,28,22,11,21,16,15,16,15,,22,13,11,16,16,12,23,12,12,22,16,,14,17,18,13,,19,24,16,17,,14,29,20,14,15,17,25,15,13,33,,12,13,13,47,16,11,27,20,22,,20,11,11,23,11,18,12,16,15,26,15,15,19,14,31,11,51,13,18,31,26,,12,17,89
2021-01-21,29,28,,11,,28,25,20,12,23,11,11,,18,15,12,17,11,13,14,12,,14,32,13,21,17,20,15,13,12,13,12,15,17,18,15,20,14,21,13,32,12,17,18,37,26,16,33,11,11,29,58,23,16,19,33,13,20,14,21,28,22,11,21,16,15,16,15,,22,13,11,16,16,12,23,12,12,22,16,,14,17,18,13,11,19,24,16,17,,14,29,20,14,15,17,25,15,13,33,,12,13,13,48,16,11,28,20,22,,20,11,11,23,11,18,12,16,15,26,15,15,19,14,31,11,51,13,18,31,26,,12,17,89
2021-01-22,29,28,,11,,28,25,20,12,23,11,11,,18,15,12,17,11,13,14,12,,14,32,13,21,17,20,15,13,12,13,12,15,17,18,15,20,14,21,14,34,12,18,18,37,26,16,33,11,11,29,58,24,16,19,33,13,20,14,21,28,22,11,21,16,15,16,15,,22,13,11,16,16,12,23,12,12,22,16,,14,17,18,13,11,19,24,16,17,12,14,29,20,14,15,17,25,16,13,33,,12,13,13,49,16,11,28,20,22,,20,11,11,23,11,18,12,16,15,26,16,15,20,14,31,11,52,13,18,31,26,,12,17,89
2021-01-23,29,28,,11,,28,25,20,12,23,11,11,,18,15,12,17,11,13,14,13,,14,32,13,21,17,20,15,13,12,13,12,15,17,18,15,21,14,21,16,37,12,18,18,37,26,16,33,11,11,29,58,24,16,19,33,13,20,14,21,28,22,11,21,16,15,16,15,,22,13,11,16,16,12,24,12,12,22,16,,14,17,18,13,11,19,24,16,17,12,14,29,20,14,15,17,25,16,13,33,,12,13,13,50,16,11,28,20,22,,20,11,11,23,11,18,12,16,15,26,16,15,20,14,31,11,53,13,18,31,26,,12,17,90
2021-01-24,29,28,,11,,28,25,20,12,23,11,11,11,18,15,12,17,11,13,14,13,,14,32,13,21,17,20,15,13,12,13,12,15,17,18,15,21,14,21,17,37,12,18,18,37,26,16,33,11,11,29,58,24,16,19,33,13,20,14,21,28,22,11,21,16,15,16,15,,22,14,11,16,16,12,24,12,12,22,16,,14,17,18,13,11,19,24,16,17,12,14,29,21,14,15,17,25,16,13,33,,12,14,13,50,16,11,28,20,22,,20,11,11,23,11,18,12,16,15,26,16,15,20,14,31,11,53,13,18,31,26,,12,17,91
2021-01-25,29,29,,11,,28,25,21,12,23,11,11,12,18,15,12,17,11,13,14,13,,14,32,13,21,17,21,15,13,12,13,12,15,17,18,15,21,14,21,17,37,12,18,18,37,26,16,33,11,11,29,58,24,16,19,33,13,20,14,21,28,22,11,21,16,15,16,15,,22,14,11,16,16,12,24,12,12,22,16,,14,17,18,13,11,19,24,16,17,12,14,29,21,14,15,17,25,16,13,33,,12,14,13,50,16,11,28,20,22,,20,11,11,23,11,18,12,16,15,26,16,15,20,14,31,11,53,13,18,33,26,,12,17,92
2021-01-26,29,29,,11,,28,25,21,12,23,11,11,12,18,15,12,17,11,13,14,13,11,15,32,14,21,17,21,15,13,12,14,12,15,17,18,15,22,14,21,17,38,12,18,18,37,26,16,33,11,11,29,58,24,16,19,33,13,20,14,21,28,22,11,21,16,15,16,15,,22,14,11,16,16,12,25,12,12,22,16,,14,17,18,13,11,19,24,16,17,12,14,29,21,14,15,17,25,17,13,33,,12,14,13,50,16,11,30,20,22,,20,11,11,23,11,18,12,16,15,26,16,15,20,14,31,11,53,13,18,33,26,,12,17,92
2021-01-27,29,29,,11,,28,25,21,12,23,11,11,12,18,15,12,17,11,14,14,13,11,15,32,14,21,17,21,15,13,12,14,12,15,17,18,15,22,14,21,17,38,12,18,18,37,26,16,33,11,11,29,58,24,16,19,33,13,20,14,21,28,22,11,21,16,15,16,15,,22,14,11,16,16,12,25,12,12,22,16,,14,17,18,13,11,19,24,16,17,12,14,29,21,14,15,17,25,17,13,33,,12,14,13,50,16,11,30,20,22,,20,11,11,23,11,18,12,16,15,26,16,15,20,14,31,11,54,13,18,33,26,,12,17,92
2021-01-28,29,29,,11,,28,25,21,12,24,11,11,12,18,15,12,17,11,14,14,13,11,15,32,14,21,17,21,15,13,12,14,12,15,17,18,15,22,14,21,17,38,12,18,18,37,26,16,33,11,11,29,58,24,16,19,33,13,20,14,21,28,22,11,21,16,15,16,15,,22,14,12,16,16,12,25,12,12,22,16,,14,17,18,13,11,19,24,16,17,12,14,29,21,14,15,17,25,17,14,33,,12,14,13,50,16,11,30,20,22,,20,11,11,23,11,18,12,16,15,26,16,15,20,14,31,11,54,13,18,33,26,,12,17,92
2021-01-29,29,29,,11,,28,25,21,12,24,11,11,12,18,15,12,17,11,14,14,13,11,15,32,14,21,17,21,15,13,12,14,12,15,18,18,15,22,14,21,17,38,12,18,18,37,26,16,33,11,11,29,58,24,16,19,33,13,20,14,21,28,23,11,21,16,15,16,15,,22,14,12,16,16,12,25,12,12,22,16,,14,17,18,13,11,19,24,16,17,12,14,29,21,14,15,17,25,17,15,33,,13,14,13,51,16,11,30,20,22,,20,11,11,23,11,18,12,16,15,26,16,15,20,14,31,11,54,13,18,33,26,,12,17,92
2021-01-30,29,29,,11,11,28,25,23,12,24,11,11,13,18,15,12,17,11,14,14,13,11,15,32,14,21,17,21,15,13,12,14,12,15,18,18,16,22,14,21,17,38,12,18,18,37,26,16,33,11,11,29,58,24,16,19,33,13,20,14,21,28,23,11,21,16,15,16,15,,22,14,12,16,16,12,25,12,12,22,16,,14,17,18,13,11,19,24,16,17,12,14,29,21,14,15,17,25,17,15,33,,13,14,13,52,16,11,30,20,22,,20,11,11,23,11,18,12,16,15,26,16,15,20,14,32,11,54,13,18,33,26,,12,17,92
2021-01-31,29,29,,11,11,28,25,23,12,24,11,11,13,18,15,12,17,11,14,14,13,11,15,32,14,21,17,21,15,13,12,14,12,15,18,18,16,22,14,21,17,38,12,18,18,37,26,16,33,11,11,29,58,24,16,19,33,13,20,14,21,28,23,11,21,16,15,16,15,,22,14,12,16,16,12,25,12,12,22,16,,14,17,18,13,11,19,24,16,17,12,14,29,21,14,15,17,25,17,15,33,,13,14,13,52,16,11,30,20,22,11,20,11,11,23,11,18,13,16,15,26,16,15,20,14,33,11,54,13,18,34,26,,12,17,92
2021-02-01,29,29,11,11,11,28,25,24,12,24,11,11,13,18,15,12,17,11,14,14,13,11,15,32,14,21,17,21,15,13,12,14,12,15,18,18,16,22,15,21,17,38,12,18,18,37,26,16,33,11,11,29,58,24,16,19,33,13,20,14,21,28,23,11,21,16,15,16,15,,22,14,12,16,16,12,25,12,12,22,16,,14,17,18,13,11,19,24,16,17,12,14,29,21,14,15,17,25,17,16,33,,13,14,13,52,16,11,30,20,22,11,20,11,11,23,11,18,13,16,15,26,16,15,20,14,33,11,55,13,18,35,26,,12,17,93
2021-02-02,29,29,11,11,11,28,25,24,12,24,11,11,13,18,15,12,17,11,14,14,13,11,15,32,15,21,17,21,15,13,12,14,12,15,18,18,16,22,15,21,17,38,12,18,18,37,26,16,33,11,11,29,58,24,16,19,33,13,20,14,21,28,23,11,21,16,15,16,15,,22,14,12,16,16,12,25,12,12,22,16,,14,17,18,13,11,19,24,16,17,12,14,29,21,14,15,17,25,17,16,33,,13,14,13,52,16,11,30,20,22,11,20,11,11,23,11,18,13,16,15,27,16,15,20,14,33,11,56,13,18,35,26,,12,17,93
2021-02-03,29,29,11,11,11,28,25,24,12,24,11,11,13,18,15,12,17,12,14,14,13,11,15,32,15,21,17,21,15,13,12,14,12,15,18,18,16,22,15,21,17,38,12,18,18,38,26,16,33,11,11,29,58,24,16,19,34,13,20,14,21,28,23,11,21,16,15,16,15,,22,14,12,16,16,12,26,12,12,22,16,11,14,17,18,13,11,19,24,16,17,12,14,29,21,14,15,17,25,17,16,33,11,13,14,13,52,16,11,30,20,22,11,20,11,11,23,11,18,13,16,15,27,16,15,20,14,33,11,56,13,18,35,26,11,12,17,93
2021-02-04,29,29,11,11,11,28,25,24,12,24,11,11,13,18,15,12,17,12,14,14,13,11,15,33,15,21,17,21,15,13,12,14,12,15,18,19,16,22,15,21,17,38,12,18,18,38,26,16,33,11,11,29,58,24,16,19,34,13,20,14,21,28,23,11,21,16,15,16,15,,22,14,12,16,16,12,26,12,12,22,16,11,14,17,18,13,11,19,24,16,17,12,14,29,21,15,15,17,25,17,16,33,11,13,14,13,52,16,11,30,20,22,11,20,11,11,23,11,18,13,16,15,28,16,15,20,14,33,11,56,13,18,35,26,11,12,17,93
2021-02-05,29,29,11,11,11,28,25,24,12,24,11,11,13,18,15,12,17,12,14,14,13,11,15,33,15,21,17,21,15,13,12,14,12,16,18,19,16,22,15,21,17,38,12,18,18,38,26,16,33,11,11,29,58,24,16,19,34,13,20,14,21,28,23,11,21,16,15,16,15,11,22,14,12,16,16,12,26,12,12,22,16,11,14,17,18,13,11,19,24,16,17,12,14,29,21,15,15,17,25,17,16,33,11,13,14,13,54,16,11,30,20,22,11,20,11,11,23,11,18,13,16,15,28,16,15,20,14,33,11,57,13,19,35,26,11,12,17,93
2021-02-06,29,29,11,11,11,28,25,24,12,24,11,11,13,18,15,13,17,12,14,14,13,11,15,33,15,21,17,21,15,13,12,14,12,16,18,19,16,22,15,21,17,38,12,18,18,39,26,16,33,11,11,29,58,24,16,19,34,13,20,14,21,28,23,11,21,16,15,16,15,11,22,14,12,16,16,12,26,12,12,22,16,11,14,17,18,13,11,19,24,16,17,12,14,29,21,15,15,17,25,17,16,33,11,13,14,13,56,16,11,30,20,22,11,20,11,11,23,11,18,13,16,15,28,16,15,20,14,33,11,57,13,19,35,26,11,12,17,93
2021-02-07,29,29,11,11,11,28,25,24,12,24,11,11,13,18,15,13,17,12,14,14,13,11,15,33,15,21,17,21,15,13,12,14,12,16,18,19,16,22,15,21,17,38,12,18,18,39,26,16,33,11,11,29,60,24,16,19,34,13,20,14,21,28,24,11,21,16,15,16,15,11,22,14,12,16,16,12,26,12,12,22,16,11,14,17,18,13,11,19,24,16,17,12,14,29,21,15,15,17,25,17,16,33,11,13,14,13,57,16,11,30,20,22,11,20,11,11,23,11,18,13,16,15,28,16,15,20,14,33,11,57,13,19,37,26,11,12,17,93
2021-02-08,29,29,11,11,11,28,25,24,12,24,11,11,13,18,15,13,17,12,14,14,13,11,15,33,15,21,17,21,15,13,12,14,12,16,18,19,16,22,15,21,17,38,12,18,18,39,26,16,33,11,11,29,60,24,16,19,34,13,20,14,21,28,24,11,21,16,15,16,15,11,22,14,12,16,16,12,26,12,12,22,16,11,14,17,18,13,12,19,24,16,17,12,14,29,21,15,15,17,25,17,16,33,11,13,14,13,57,16,11,30,20,22,12,20,11,11,23,11,18,13,16,15,28,16,15,20,14,33,11,57,13,19,37,26,11,12,17,93
2021-02-09,29,29,11,11,11,28,25,24,12,24,11,11,13,18,15,13,17,12,14,14,13,11,15,33,15,21,17,21,15,13,12,14,12,17,18,19,16,22,15,21,17,38,12,18,18,39,26,16,33,11,11,29,61,24,16,19,34,13,20,14,21,28,25,11,21,16,15,16,15,11,22,14,12,16,16,12,26,12,12,22,16,11,14,17,18,13,12,19,24,16,17,12,14,29,21,15,15,17,25,17,16,33,11,13,14,13,57,16,11,30,20,22,12,20,11,11,23,11,18,13,16,16,28,16,15,20,14,33,11,57,13,19,37,26,11,12,17,94
2021-02-10,29,29,11,11,11,28,25,24,12,24,11,11,13,18,15,13,17,12,14,14,13,11,15,33,15,21,17,21,15,13,12,15,12,17,18,19,16,22,15,21,17,38,12,18,18,39,26,16,33,11,11,29,61,24,16,20,34,13,20,14,21,28,25,11,21,17,15,16,15,11,22,14,12,16,16,12,26,12,12,22,16,11,14,17,18,13,12,19,24,16,17,12,14,29,21,15,15,17,25,17,16,33,11,13,15,13,57,16,11,31,20,22,13,20,11,11,23,11,18,13,16,16,28,16,15,20,14,33,11,57,13,19,38,26,11,12,17,95
2021-02-11,29,29,11,11,11,28,25,24,12,24,11,11,13,18,15,13,17,12,14,14,13,11,15,33,15,21,17,21,15,13,12,15,12,17,18,19,16,22,15,21,17,38,12,18,18,39,26,16,33,11,11,29,61,24,16,20,34,13,20,14,21,28,25,11,21,17,15,16,15,11,22,14,12,16,16,12,26,12,12,22,16,11,14,17,18,13,12,19,24,16,17,12,14,29,21,15,15,17,25,17,16,33,11,13,15,13,57,16,11,31,20,22,13,20,11,11,23,11,18,13,16,16,28,16,15,20,14,33,11,57,13,19,38,26,11,12,17,95
